Chapter,Policy,Description
"Mitigating and Adapting to Climate Change","CLC1 : Climate Change","Policy CLC1: A Carbon Neutral, Climate Adapted Borough

The Plan will reduce Basingstoke and Deane borough’s carbon footprint to support the council’s climate emergency declaration and ecological emergency declaration. The council will implement spatial planning policies, which together with other mechanisms, will enable the borough to become carbon neutral by 2030. This will require radical and rapid reductions in greenhouse gas emissions.

To support this target, and to respond to the changes to the climate that are already occurring, new development will reduce carbon emissions and other greenhouse gas emissions and adapt to the impacts of climate change in line with the following principles:

Minimising the whole life greenhouse gas emissions of new development; Operational energy will be reduced in accordance with the energy hierarchy with a focus upon energy efficiency and on-site renewable energy; Embodied carbon will be minimised through sustainable design approaches (as detailed in Policy ENV11);
New homes will be ultra-low energy, use low carbon heat, contribute to the generation of renewable energy on-site and be constructed with low levels of embodied carbon (as detailed in Policy ENV11);
Minimising emissions from transport by ensuring the design, layout and location of new development minimises the need to travel (as detailed in Policy SPS5);
Delivering a significant modal shift by prioritising Active Travel (walking and cycling) and other forms of movement that result in no emissions as well as the increased use of public transport, in line with the Basingstoke Transport Strategy or its successor (as detailed in Policy INF2);
Supporting low carbon lifestyles and the low carbon economy, including communication technologies with scope to meet future changes as they arise as well as the use of electric cars (as detailed in Policies EMP1 and INF2);
Supporting the decarbonisation of existing homes and industry (as detailed in Policy ENV11);
Maximising green infrastructure to sequester carbon, provide urban cooling, deliver biodiversity net gains, and provide natural flood management (as detailed in Policies ENV6 and ENV7);
Optimising opportunities for renewable and low carbon energy generation, decentralised energy and heating and utilisation of waste heat (as detailed in Policy ENV13);
Keeping fossil fuels in the ground (as detailed in Policy ENV11);
Minimising water use and waste arising from the construction and use of buildings (as detailed in Policy ENV12);
Directing development to locations that minimise risks arising from climate change (as detailed in Policy ENV10); and
Promoting adaptation measures and reducing vulnerability to the impacts of climate change (as detailed in Policy ENV12)."
"Delivering the Spatial Strategy","Policy SPS1 - Scale and Distribution of Development","Policy SPS1: Scale and Distribution of Development
The council will take a positive approach to development proposals that reflect the presumption in favour of sustainable development as set out in the National Planning Policy Framework.

Development and redevelopment will be permitted within Settlement Policy Boundaries where it contributes to social, economic and environmental well-being. In particular, development will be encouraged on suitable brownfield sites. 

Sites outside Settlement Policy Boundaries will be considered to lie in the countryside, where development will be permitted where it complies with policies in the plan, or it can be demonstrated that it has an essential need to be located in the countryside and is sustainable.

Within the plan period from 2021 to 2040, the council will make provision for at least 16,180 new homes and associated infrastructure, phased in a stepped trajectory as follows: 

880 in 2021/2 to meet the standard method figure
At least 850 homes for the four years up to adoption to meet the standard method figure (2022-2026)
At least 660 homes a year for the first five years post adoption (2026-2031)
At least 955 homes a year for the remainder of the Plan (2031 – 2040). 
In addition to the delivery of existing commitments and allocations, this will be provided by:

Supporting regeneration, including in Basingstoke Town Centre, in line with Policies SPS2, SPS3, SPS4 and SPS9;
Allocating new sites or extensions to sites, as set out in Policy SPS5, to provide approximately 5,390 homes over the plan period;
Supporting the delivery of new homes through Neighbourhood Planning, in line with Policy SPS6; and
Resisting developments that involve a net loss of housing, unless it can be demonstrated that the benefits outweigh the harm.
Employment uses (including offices and industrial uses) will be supported within Strategic Employment Areas and other suitable locations in accordance with Policy EMP1 and EMP4 in order to meet the needs identified through the council’s Economic Needs Assessment.

Main town centre uses (such as retail and leisure) will be directed to designated centres in accordance with Policy EMP3."
"Delivering the Spatial Strategy","Policy SPS2: Regeneration","Policy SPS2: Regeneration

Regeneration proposals, including within the initial priority areas of Buckskin, South Ham, Norden and Winklebury (indicatively illustrated on Figure 1 below), will be supported where they would result in a demonstrable benefit to the local community, providing new homes and an improved local environment with enhanced facilities to meet local needs.

A minimum of 200 net additional new homes will be provided through regeneration opportunities over the plan period.

The preparation of proposals will require full involvement and consultation with the affected local communities. Masterplans and or design codes must be prepared for large scale proposals, demonstrating that they will positively support and complement any comprehensive wider development of the area. Masterplans and design codes will also ensure that a very high standard of design will be achieved and will be adopted as a Supplementary Planning Document prior to any relevant development proposals being determined.

Regeneration will be achieved through redevelopment, the refurbishment of existing buildings (where this minimises the embodied energy arising from new construction), and improvements to the public realm, local infrastructure and environment including local open spaces. The replacement of existing older homes with highly sustainable new or refurbished homes will reduce the borough’s carbon emissions (as required by the Local Plan’s low carbon building policies) and support the council’s climate and ecological emergency declaration."
"Delivering the Spatial Strategy","Policy SPS3: Delivering the Basingstoke Town Centre Masterplan","Policy SPS3: Delivering the Basingstoke Town Centre Masterplan

Development proposals must positively contribute to the vitality and viability of the town centre. This will ensure Basingstoke town centre remains the borough’s principal centre for retail, supported by leisure, employment, community, cultural and residential uses.

Development proposals must support, and not prejudice, the implementation of the Masterplan for Basingstoke Town Centre (December 2022) and be consistent with the following key objectives for future change. The town centre will:

Be highly sustainable, resilient to climate change and embrace innovative ways to improve the environment, in order to address the council’s Climate Emergency declaration.
Be a high-quality and distinctive urban environment that provides inspiring buildings, streets and public spaces and ensures positive experiences for residents and visitors.
Have a sense of place which supports its identity as a north Hampshire town and which is informed, as appropriate, by its historic, cultural and architectural heritage.
Provide for a variety of biodiversity enhancements, with a strong network of green spaces and natural features.
Be a destination for residents and visitors of all ages, with a strong sense of vitality in the daytime and the evening, and support thriving communities.
Be well-connected, with walking, cycling and public transport being the predominant modes of travel into and across the town centre.
Enable innovation and creativity to thrive.
Embraces, promotes, and is connected to local heritage and culture, contributing to the sense of place.
In order to achieve these objectives, planning permission will be granted where development proposals meet the following criteria where they are relevant to the scale and nature of the proposal:

Contribute to the provision of a complementary mix of town centre uses within the Town Centre boundary (as defined by Policy EMP3), with the predominant land uses being retail, leisure (including sport), employment (including office, creative and co-working spaces), community and culture (including arts);
Deliver approximately 400 homes, focused in, but not limited to, the areas of change outlined in Policy SPS4;
Locate retail and leisure uses within the Primary Shopping Area as defined on the Policies Map;
Achieve a high standard of design, which responds positively to the key objectives set out above;
Protect existing, and introduce new green and blue spaces, green links, street trees and other forms of greenery throughout the town centre such as green walls;
Support the creation of new streets at ground level, fronted by buildings and public spaces which are high quality, flexible and adaptable for multiple uses;
Support the provision of high quality public spaces which contribute to a sense of civic pride and provide facilities which meet the needs of all residents and visitors.
Provide or retain active frontages at ground floor level;
Take appropriate opportunities to incorporate residential development, particularly above ground floor level. This should include a mix of different housing types, sizes and tenures, be of a high standard of residential amenity, and have access to supporting infrastructure and private amenity space;
Assist new parking facilities to, include integrated charging for electric vehicles, ensure they are future proofed for new technologies, are enabled to form part of a wider smart energy grid; and make provision for community car services;
Make provision for parking to meet the needs of residents as well as ensuring that the parking requirements of visitors is met in facilities in nearby locations.  Where decked parking can be shown to be required, it should be developed as an independent structure;
Include safe, legible and functional walking and cycling routes to provide improved connectivity across the town centre, and safeguard and improve connections between the Top of Town and the station, between Basing View and the station, and between Basing View and Festival Place. Cycle routes should be well connected to the wider cycle network (in relation to the town and its surroundings), and pedestrian routes should provide safe passage for pushchairs and wheelchairs;
Incorporate new secure and high quality cycle parking for visitors, workers and residents; and
Facilitate the provision of a high quality public transport focussed on the town centre, including safeguarding suitable corridors, interchanges and supporting associated infrastructure.
Ensuring the successful delivery of the town centre strategy is likely to involve various transitional arrangements in order to facilitate the development process. Where these are required, they should ensure that the town centre continues to operate effectively in functional terms, and ensure that any impacts on the character of the area are mitigated successfully and in a proportionate way to the nature of the works in question."
"Delivering the Spatial Strategy","Policy SPS4: Basingstoke Town Centre – Areas of Change","Policy SPS4: Basingstoke Town Centre – Areas of Change

Development proposals within the Areas of Change identified on the Policies Map/Illustrative Plan must support and not prejudice the Masterplan for Basingstoke Town Centre (December 2022), in line with the key principles and criteria set out in Policy SPS3 (Basingstoke Town Centre).

1. The Malls

Development proposals in this area must:

Establish a coherent and linked set of streets, including those Key Routes identified in the Policies Map, which improve connectivity between the railway station and Festival Place, Church Street, The Anvil and to Basing View;
Enable Churchill Way to be an outdoor street providing enhanced connections between the eastern and western parts of the town centre;
Enable the provision of a Transport Hub to integrate rail and bus travel;
Include a mix of town centre uses supported by housing with active frontages and with an emphasis on ground floor retail uses on the Key Route connecting the railway station to Festival Place;
Provide a network of green spaces, green links, street trees and public open spaces; and
Be up to six storeys in height with the potential for taller buildings nearer the station.
2. Church Street

Development proposals in this area must:

Enable new streets or new active frontages at ground level, and remove barriers to improve visual and physical connectivity between Church Street northwards towards the railway station, eastwards to Festival Place and to the south to Top of the Town;
Protect the historic character of this area by having due regard to the Town Centre Conservation Area Appraisal and Management Plan with development typically up to four storeys in height;
Integrate with the enhancement of the public realm in the town centre including Glebe Gardens;
Include a mix of town centre uses supported by housing with active frontages on the ground floor; and
Protect Glebe Gardens, including its setting, and provide a network of green spaces, green links, street trees and public open spaces.
3. Eastrop

Development proposals in this area must:

Establish a coherent and linked set of streets, including those Key Routes identified in the Policies Map, which improve connectivity between the Festival Place, the railway station and Basing View;
Include a mix of town centre uses supported by housing with active frontages on the ground floor;
Provide a network of green spaces, green links, street trees and public open spaces with green linkages to Eastrop Park;
Respond positively to Eastrop Park with development fronting onto the Park; and 
Be up to six storeys in height with a scale and massing which is sympathetic to the existing scale of buildings, including lower scale residential areas to the south. There is potential for taller buildings in the northern part of this Area of Change.
4. Top of the Town

Development proposals in this area must:

Be of a scale and appearance which is sympathetic to the historic character of the area and neighbouring development with development up to three storeys in height and have due regard to the Town Centre Conservation Area Appraisal and Management Plan and, where relevant, to the Fairfields Conservation Area Appraisal;
Include a mix of town centre uses supported by housing with active frontages on the ground floor; and
Support the creation of a network of pedestrian routes and to improve the pedestrian environment, including the creation of a tree lined street along New Road."
"Delivering the Spatial Strategy","Policy SPS5: Sites Allocated for Housing Led Development","Policy SPS5: Sites Allocated for Housing Led Development

The following sites, as shown on the Policies Map, are allocated and should be developed in accordance with policies within the Plan and the site-specific requirements set out in the individual site policies.

In bringing forwards development, it will be a requirement to ensure that the necessary infrastructure is provided at a rate and scale to meet the needs that arise for the development, in accordance with both the IDP and through conformity with the appropriate standards, as set out in Appendix 2.

Development on the sites is expected to come forward through a design led approach, involving the local community. For the larger sites, and where outlined in the individual policies, it will be necessary for a Masterplan and Strategic Design Code to be prepared. The Masterplans are included in Appendices XX to XX of this Local Plan [to be produced post-Regulation 18].  Strategic Design Codes will be adopted as Supplementary Planning Documents prior to the grant of full planning permission or the first reserved matters for the site or a phase.  Masterplans and Strategic Design Codes will be an important material planning consideration in the determination of planning applications. Where sites are adjacent to each other, masterplanning should be undertaken jointly.
 

Existing strategic housing led allocations from adopted Local Plan

SPS5.1 – Northern Manydown (Approx. 4,000 homes)

SPS5.2 - Basingstoke Golf Course (1,000 homes)

SPS5.3 - Hounsome Fields (750 homes)
 

New strategic housing led allocations

SPS5.4 - Southern Manydown (Approx. 7,500 homes with 2,400 in the plan period)

SPS5.5 - Popham Garden Village (Approx. 3,000 homes with 1,400 in the plan period)

SPS5.6 - East of Basingstoke (Approx. 900 homes, 450 additional to current allocation)

SPS5.7 - Sherfield Hill Farm (Approx. 300 homes)

SPS5.8 - Land West of Marnel Park (Approx. 200 homes)

SPS5.9 - Weybrook Park Golf Course (Approx. 220 homes)

SPS5.10 - Overton Mill, Overton (Approx. 340 homes)
 

Smaller sites

SPS5.11 - Redlands Lodge (Approx. 16 homes)

SPS5.12 - Land adjacent to Weybrook Park Golf Course (Approx. 30 homes)

SPS5.13 - 16 Southern Road ( Approx. 9 homes)

SPS5.14 - 65 New Road (Approx. 6 homes)

SPS5.15 - Land off Ashwood Way (Approx. 18 homes)"
"Delivering the Spatial Strategy","Policy SPS5.1: Northern Manydown","Policy SPS5.1: Northern Manydown

The site, as shown on the Policies Map, is allocated for a well designed and sustainable development that will:

Provide for the phased delivery of approximately 4,000 dwellings;
Be in accordance with the principles of the Concept Plan and the Manydown Development Brief Supplementary Planning Document (2016);
In addition to the mix of dwelling sizes and types, make provision for a proportion of self-build units and also, in conjunction with other sites, a permanent, pitch / plot provision to meet identified accommodation needs of Gypsies, Travellers and Travelling Showpeople in the borough, such needs being identified in the council’s Gypsy and Traveller Accommodation Assessment (and any updates);
Include the provision of social and physical infrastructure, including community facilities, local shopping facilities, healthcare facilities and sports and leisure facilities including playing pitches with an Infrastructure Delivery Strategy to demonstrate that the infrastructure requirements of the Manydown allocation have been comprehensively planned and will be met;
Phased provision of two primary schools (a two form entry and a three form entry) and also reserve land for the phased provision of a secondary school, if required;
Include appropriate green space/green infrastructure, including allotments, to meet local needs in line with the council’s adopted standards, ensuring that all green space is provided on site, and provide links to assist in the delivery of green infrastructure networks within and adjoining the site;
Make provision for a country park, as identified on the Policies Map, which is accessible to existing nearby residential areas; and
Respond positively to the special characteristics and sensitivities of the landscape, including the setting of the North Wessex Downs National Landscape, and also the setting and form of existing development. Visual intrusion into the wider landscape should be limited; the design of outward facing edges of development should respect and enhance the adjacent countryside and opportunities should be taken to provide linkages to the existing landscape framework;
Conserve and enhance the architectural and historic significance of the Worting Conservation Area and its listed buildings including Worting House, respecting their setting, and ensuring sufficient mitigation is put in place when required;
Retain the separate identity and character of Wootton St Lawrence and Oakley and restrict coalescence between the new development and these villages. The development will also retain the separate identity and character of Worting and Winklebury, including conserving the ancient boundary of the Roman Road as a green boundary;
Provide for the retention and careful management of any important archaeological remains, within and adjacent to the site, in a manner appropriate to their significance;
Avoid or mitigate the direct and indirect adverse impacts on key species and habitats, including rare arable flora and Sites of Importance for Nature Conservation within and adjacent to the site. Where this is proved not to be possible, mitigation and compensation for the loss will be required to ensure at least a 10% net gain in biodiversity. Opportunities will be taken to secure the creation and management of linkages between existing woodlands;
Include measures to mitigate the impact of development on the local road network including improvements to the A339, Roman Road (and associated road junctions), the B3400, Pack Lane, and the road through Wootton St Lawrence with appropriate measures to maintain accessibility for existing residents and ensure safe and convenient access for all road-users;
Include provision of a road through the land allocated for housing, from the A339 to the B3400, linking the proposed housing to the existing communities and to provide the ability to connect to potential future sites to the south, with the location and design of the road being determined through the master-planning process to achieve the optimum balance between movement and place-shaping. Land shall be safeguarded for a potential future crossing of the railway;
Evaluate a range of options during the detailed master-planning phase for providing access to Manydown which aid permeability to and from the site in a manner that ensures proper consideration is given to a range of matters (e.g. rat-running) which potentially affect the quality of life for existing communities. In addition, there should be safe and convenient access from Winklebury by means of footpaths and cycle paths connecting to the Country Park.
Include measures to improve accessibility by non-car transport modes including the provision of internal walking and cycling routes linked to existing external routes, the Public Rights of Way network and the Strategic Cycle Network, with direct cycle access to the town centre and the provision of public transport from the outset;
Incorporate and/or promote renewable and low-carbon energy technologies;
Ensure acceptable noise standards can be met within homes and amenity areas through suitable mitigation measures in light of the adjacent main roads and railway line;
Ensure adequate infrastructure is provided for sewerage (on and off site) and surface water drainage and produce a drainage strategy;
Ensure that it is well integrated with development at Southern Manydown.
On the land south of the railway line and north of Pack Lane, development will be limited to a yield of up to 300 units, unless workable transport mitigation measures can be demonstrated to support a higher yield."
"Delivering the Spatial Strategy","Policy SPS5.2: Basingstoke Golf Course","Policy SPS5.2: Basingstoke Golf Course

The site, as shown on the Policies Map, is allocated for a well designed and sustainable development that will:

Make provision for approximately 1,000 dwellings;
Be in accordance with the principles of the Concept Plan and the Basingstoke Golf Course Development Brief Supplementary Planning Document (2019);
In addition to the mix of dwelling sizes and types, make provision for a proportion of self-build units and also, in conjunction with other sites, a permanent, pitch/plot provision to meet identified accommodation needs of Gypsies, Travellers and Travelling Showpeople in the borough, such needs being identified in the council’s Gypsy and Traveller Accommodation Assessment (and any updates);
Include the provision of social and physical infrastructure, including the provision of a community centre, local shopping facilities, and sports facilities including playing pitches with adequate land to meet the outdoor sports needs of both this site and the development on Hounsome Fields with an Infrastructure Delivery Strategy to demonstrate that the needs of the development sites in south-west Basingstoke have been comprehensively planned and will be met;
Respond positively to the special characteristics and sensitivities of the landscape and respect its location, providing for integration with nearby residential areas;
Avoid or mitigate direct and indirect adverse impacts on key species and habitats, including the adjacent Peak Copse Site of Importance for Nature Conservation through adequate buffering, ensuring the retention of key woodland areas and less managed grasslands and by mitigating and/or compensating any adverse impacts to ensure a net gain in biodiversity. Opportunities will be taken to create and enhance habitat connectivity between existing key habitats;
Include measures to mitigate the impact of development on the local road network including improvements to the A30 corridor;
Provide all-purpose vehicular accesses from both Winchester Road (A30) and Beggarwood Lane supported by emergency accesses, ensuring that the most appropriate location for access from the A30 is identified, taking into account the requirement to access Hounsome Fields (Policy SPS5.3);
Prevent ‘rat-running’ through the site between Beggarwood Lane and Winchester Road (A30) by including measures and/or designing the road layout to discourage the passage of through traffic;
Include measures to improve accessibility by non-car transport modes, including the provision of internal walking and cycling routes linked to existing external routes, the Public Rights of Way network, and the Strategic Cycle Network, with direct access to the town centre, and facilitating improved access towards Dummer, improving the links to the existing Winchester Road bus stops, and providing safe and convenient crossing points to facilities provided on Hounsome Fields (Policy SPS5.3);
Ensure the provision of public transport from the outset;
Ensure adequate infrastructure is provided for sewerage (on and off site) and surface water drainage and produce a drainage strategy;
Avoid development and points of access in the small area of the site within flood zone 2;  
Include appropriate open space/green infrastructure, including allotments, to meet local needs in line with the council’s adopted standards, providing links to the existing green infrastructure network;
Ensure acceptable noise standards can be met within homes and amenity areas through suitable noise mitigation measures in light of the proximity of the site to the A30 and M3;
Incorporate and/or promote renewable and low carbon energy technologies.
Ensure, through joint masterplanning, and joint infrastructure planning, that it provides a comprehensive development with and Hounsome Fields (Policy SPS5.3)."
"Delivering the Spatial Strategy","Policy SPS5.3: Hounsome Fields","Policy SPS5.3: Hounsome Fields

The site, as shown on the Policies Map, is allocated for a well-designed and sustainable development that will:

Make provision for approximately 750 dwellings;
Be in accordance with the principles of the Concept Plan;
In addition to the mix of dwelling sizes and types, make provision for a proportion of self-build units and also, in conjunction with other sites, a permanent, pitch/plot provision to meet identified accommodation needs of Gypsies, Travellers and Travelling Showpeople in the borough, such needs being identified in the council’s Gypsy and Traveller Accommodation Assessment (and any updates);
Include the provision of social and physical infrastructure, including the provision of a community centre, local shopping facilities, indoor sports facilities a three form entry primary school, and early years facilities, with an Infrastructure Delivery Strategy to demonstrate that the needs of the development sites in south-west Basingstoke, including outdoor sports, have been comprehensively planned and will be met;
Respond positively to the special characteristics and sensitivities of the landscape, ensuring that the density, heights and layout of buildings respond positively to the site and its setting, create an attractive gateway into Basingstoke, and minimise any visual impact;
Include a robust landscape strategy that creates a strong defensible boundary between the site and open countryside, respecting the Roman Road as a landscape feature and existing hedgerows and woodlands. The layout should incorporate the existing landscape structure within the proposal, reinforcing and extending the existing green infrastructure network within the site, ensuring that links are made with the green infrastructure network outside the site;
Conserve and enhance the architectural and historic significance of the Grade II listed Southwood Farmhouse and its setting, which lies close to the south western boundary of the site, subject to allowing a sufficient landscape buffer to preserve a sense of the rural setting and context of the listed building, and ensuring that adequate mitigation measures to protect its setting are put in place;
Include measures to mitigate the impact of development on the local road network including improvements to the A30 corridor;
Provide all-purpose vehicular accesses from the Winchester Road (A30), ensuring that the most appropriate location for this is identified, taking into account the requirement to provide vehicular access to site SS5.2 (Basingstoke Golf Course);
Include measures to improve accessibility by non-car transport modes, including the provision of internal walking and cycling routes linked to existing external routes, the Public Rights of Way network and the Strategic Cycle Network, with direct access to the town centre and facilitating improved access towards Dummer, improving the links to the existing Winchester Road bus stops and providing safe and convenient crossing points for the A30;
Ensure the provision of public transport from the outset;
Make provision for vehicular access requirements that may be needed to serve future development to the north-west of the site;
Ensure adequate infrastructure is provided for sewerage (on and off site) and surface water drainage and produce a drainage strategy;
Avoid development and points of access in the vicinity of the part of the site falling within flood zone 2;
Include appropriate open space/green infrastructure, including allotments, to meet local needs in line with the council’s adopted standards, providing links to the existing green infrastructure network;
Ensure acceptable noise and air quality standards can be met within homes and amenity areas through suitable design and noise and air quality mitigation measures in light of the proximity of the site to the A30;
Incorporate and/or promote renewable and low carbon energy technologies;
Ensure, through joint masterplanning and joint infrastructure planning that it provides for a comprehensive development with Basingstoke Golf Course (Policy SPS5.2) allocations, and provides pedestrian and cycling connectivity to Longacre and Southern Manydown (Policy SPS5.4)."
"Delivering the Spatial Strategy","Policy SPS5.4: Southern Manydown","Policy SPS5.4: Southern Manydown

Southern Manydown, as shown on the Policies Map is allocated for a well-designed and sustainable development that will:

Amount and Type of Development

Make provision for:
Approximately 7,500 homes;
Specialist accommodation for older persons;
5% as serviced plots for custom and self-build homes;
A new hospital and health campus; 
Employment uses for storage and distribution (B8), industrial, and supporting office uses;
Education facilities;
A district centre and neighbourhood centres providing a range of retail, leisure, cultural, community, health, service and employment facilities; and 
Permanent Gypsy and Traveller pitches, proportionate to the size of the site when considered in relation to the overall need for pitches as set out in the latest version of the Gypsy and Traveller Accommodation Assessment.
Development Principles

Masterplanning

Be in accordance with the principles set out in:
The Concept Plan;
The Masterplan included in Appendix XX (to be produced prior to the Regulation 19 edition of the Local Plan);
A Strategic Design Code which will be adopted as a Supplementary Planning Document prior to the grant of a full planning permission or the first reserved matters within a phase;  
Enable the hospital and associated health campus, storage and distribution floorspace, district centre and transport interchange to be located close to Junction 7 of the M3 and the A30 to reinforce the role of this area as a gateway to Basingstoke;
Design and Landscape

The siting, density, scale, layout, character and hard and soft landscaping of the development must respond positively to, and take opportunities to enhance: the landscape qualities of the site and wider area; the context of the neighbouring built environment; and the local distinctiveness of the area.  Particular regard should be paid to the setting of the North Wessex Downs National Landscape.  Visual intrusion into the wider landscape will be limited and the scale, design and layout of development on the higher ground and on the outward facing edges of the site will enable a suitable transition to the adjacent countryside;
Ensure development is sympathetically integrated with and connected to existing communities in western Basingstoke, and new communities including North Manydown and Hounsome Fields;
Retain the physical and visual sense of separation between the development and Dummer, North Waltham and Oakley, and retain those villages’ separate and historic identities. The development will maintain the relevant strategic gaps;
Biodiversity

Protect and enhance key species and habitats, prevent detrimental impacts and, where unavoidable, mitigate the impact on protected species and habitats, and secure the creation and management of linkages that provide high levels of habitat connectivity within the site and to the wider green infrastructure network, including Old Down;
Achieve a minimum 10% biodiversity net gain secured by a site management plan;
Heritage

Preserve or enhance the significance, setting, character and appearance of the conservation areas in Dummer, North Waltham, Church Oakley and Worting through the protection of views to and from those conservation areas;
Preserve the significance of listed buildings, including the Grade II listed Breach Farmhouse and Southwood Farmhouse, through preservation of their settings by provision of sufficient space and landscape buffers around the buildings;
Provide for the retention and careful management of important archaeological remains within and adjacent to the site, including the Battledown Scheduled Monument, in a manner appropriate to their significance with a sensitive landscaping strategy;
Flooding and Pollution

Ensure that appropriate flood risk management measures are provided including sustainable drainage systems (SuDS);
Ensure that noise impacts are successfully mitigated through suitable measures, in particular in locations close to the railway line and close to the non-residential development.
Infrastructure

Provide an Infrastructure Delivery Strategy with each full or outline planning application to demonstrate that the site’s total infrastructure requirements, and the infrastructure required across the Local Plan Period, have been comprehensively planned and phased, and that appropriate and transparent measures have been put in place to equalise costs between all landowners/developers.  The Infrastructure Delivery Strategy should also have regard to the infrastructure requirements of the site in its totality;
Energy

   o.     Incorporate renewable and low carbon energy technologies including utilising opportunities for district heating using waste heat generated by the                       hospital and health campus;

Social and community

Make on-site provision for four primary schools (three 3 form of entry and one 2 forms of entry), a special educational school, and reserve land for two secondary schools. The location of the school sites should encourage pupils to travel by active travel; 
Make on-site provision for community facilities, early years childcare, healthcare facilities, and indoor and outdoor sports facilities which will meet the need of the new development, as required by the council’s Infrastructure Delivery Plan;
Green Infrastructure

Make on-site provision for suitable amounts of open/green space including allotments in accordance with the council’s Green Space standards in a manner that is well related to the overall layout and character of the development, taking account of how it relates to its surroundings. This will include a neighbourhood park of at least 10ha. The green infrastructure provision will incorporate effective green infrastructure links (incorporating pedestrian and cycle routes where appropriate) within and through the development (utilising appropriate planting in order to support their biodiversity and landscape function), and which links to the surrounding countryside, habitats, Public Rights of Way and other walking/cycling links. The delivery of green space and play will be provided alongside development parcels in order that there are facilities for residents to use by the time that housing is occupied;
Transport

Make provision for safe, suitable and convenient access for all users, prioritising active travel (walking and cycling), and access to high quality public transport services that offer a genuine choice of transport modes;
Demonstrate that the design of the means of access and the associated highway improvements take into account the totality of the development and do not prejudice the provision of safe, suitable and convenient access to serve the Oakdown Farm site allocation (Policy SPS9 via the A30) and the North Manydown site allocation (Parcel 6a via Pack Lane);
Be subject to the submission of a comprehensive and robust Transport Assessment and supporting site wide Travel Plan that seeks to:
Minimise the need to travel and prioritises and promotes active travel and public transport use within and beyond the site, to minimise the transport impacts arising from the development;
Ensure that the development will not have a severe adverse impact on the local and strategic highway networks, nor an unacceptable impact upon highway safety, with the inclusion of suitable measures to mitigate the impact;
Provide layouts, street designs and associated measures that prioritise and maximise active travel and ensure the ability to service the site by public transport services within and beyond the site. This will include a suitable Access, Movement and Place Strategy covering:
The phased delivery of an active travel and public transport corridor extending northwards from the southern part of the site towards Pack Lane and southwards from the northern part of the site towards the A30, designed to connect with North Manydown;
The provision of suitable traffic management measures to control access by general traffic and to prevent open access between the A30 and Pack Lane, other than by active travel and public transport services;
The phased delivery of a new railway crossing to provide active travel and public transport connectivity to North Manydown.
The provision of new high-quality public transport services to provide rapid and frequent access to/from Basingstoke town centre (including Basingstoke Railway and Bus Stations) and other local facilities and services.  This will serve the residents and users of the first phases of development at the southern and northern parts of the site and subsequent phases thereafter, including Mobility Hubs and accessible and convenient boarding and waiting facilities, located to maximise access and encourage public transport use;
An on-site dedicated network of segregated facilities for pedestrians and cyclists that integrate with the existing movement networks, including the Public Rights of Way network;
The provision of new and improved off-site connections for pedestrians and cyclists, providing safe, suitable and convenient access to the surrounding communities, facilities, services and employment opportunities including Oakley village centre and Basingstoke town centre.  This will include improved walking and cycling provisions along the A30 corridor, Pack Lane and on Buckskin Lane;
Provide a Park and Ride facility near to the A30 with convenient access for users and public transport services, supported by a Mobility Hub.  A further Mobility Hub should also be provided at the northern end of the site, together with other Mobility Hubs in due course to serve the subsequent phases of the development. All mobility hubs should be sensitive to their setting;
Provide details of a parking strategy for the site;
Utilities

Provide or contribute towards suitable infrastructure for sewerage (on and off site), foul water and other utilities."
"Delivering the Spatial Strategy","Policy SPS5.5: Popham Garden Village","Policy SPS5.5: Popham Garden Village

The site, as shown on the Policies Map, is allocated for a well-designed and sustainable development that will:

Amount and Type of Development

Make provision for:
Approximately 3,000 homes;
Specialist accommodation for older persons;
5% as serviced plots for custom and self-build homes;
Education facilities;
Employment land (comprising uses falling within Classes E(g), B2, B8) and an 18 hectare solar farm;
A village centre providing a range of retail, leisure, cultural, community, health and service facilities;
Permanent Gypsy and Traveller pitches, proportionate to the size of the site when considered in relation to the overall need for pitches as set out in the latest version of the Gypsy and Traveller Accommodation Assessment.
 
Development Principles

Masterplanning

Be in accordance with the principles set out in:
The Concept Plan;
The Masterplan included in Appendix XX (to be produced prior to the Regulation 19 edition of the Local Plan). This Masterplan will include a Vision for a Garden Village with its own identity and character, strongly informed by its rural Hampshire location;
A Strategic Design Code which will be adopted as a Supplementary Planning Document prior to the grant of a full planning permission or the first reserved matters within a phase;
The development will make provision for employment uses in the southern part of the site near the boundary with the A303. The village centre will be located in the centre of the site within easy walking distance to all residents;
Design and Landscape

The siting, density, scale, layout, character and hard and soft landscaping of the development must respond positively to, and take opportunities to enhance: the landscape qualities of the site and wider area; the vision for the Garden Village; and the local distinctiveness of the area. The siting and scale of development should pay particular regard to the topography of the site, to existing areas of woodland (within and next to the site) and to the impact on the North Wessex Downs National Landscape. The design and layout of the development on its outward facing edges will enable a suitable transition to the adjacent countryside. Buildings, layouts and spaces will be created which promote a sense of place and which weave green infrastructure into the fabric of the built environment;
Biodiversity

Protect and enhance key species and habitats, prevent detrimental impacts and, where unavoidable, mitigate the impact on protected species and habitats, and secure the creation and management of linkages that provide high levels of habitat connectivity within the site and to the wider green infrastructure network. Achieve a minimum 10% biodiversity net gain secured by a site management plan;
Demonstrate, via a nutrient neutrality mitigation strategy, that nutrient neutrality can be achieved in perpetuity in order to protect the Solent nature conservation sites. This should be via on-site mitigation measures unless it can be robustly demonstrated that this is not achievable, in which case off-site mitigation would be required;
Heritage

Ensure that the layout responds positively to archaeological assets and successfully mitigates any impacts, via analysis by specialist consultants;
Flooding and Pollution

Ensure that appropriate flood risk management measures are provided including sustainable drainage systems (SuDS);
Ensure that noise impacts arising from traffic on the A303 are successfully mitigated through suitable measures.
Infrastructure

Provide an Infrastructure Delivery Strategy with each full or outline planning application to demonstrate that infrastructure requirements across the Local Plan Period has been comprehensively planned and phased. The Infrastructure Delivery Strategy should also have regard to the infrastructure requirements of the site in its totality;
Energy

Ensure that a solar farm is delivered in line with a detailed method statement, setting out how it will be connected with the residential and employment development;
Social and Community facilities

Make on-site provision for two 2-forms of entry primary schools;
Make on-site provision for a community centre which will meet the needs of the new development, informed by the requirements set out in the council’s Leisure and Recreational Needs Assessment; and provide on-site sports pitches which will meet the needs of the new development as required by the council’s Infrastructure Delivery Plan;
Green Infrastructure

Make on-site provision for suitable amounts of open/green space including allotments in accordance with the council’s Green Space Standards, in a manner which is well related to the overall layout and character of the development, and how it relates to its surroundings. This provision needs to incorporate an effective green infrastructure network within the development (utilising appropriate planting in order to support their biodiversity and landscape function), and which connects with the surrounding countryside, habitats and Public Rights of Way. The delivery of green space and play will need to be provided alongside development parcels in order that there are facilities for residents to use by the time housing is occupied;
Transport

Safe, suitable and convenient access, including from Overton Road to the west of the site and the C226 to the south of the site, must be provided for all users, prioritising active modes (walking and cycling), and access to high quality public transport services that offer a genuine choice of transport modes;
Ensure no severe adverse impact on the local and strategic highway networks nor have an unacceptable impact on highway safety with the inclusion of suitable measures to mitigate the impact, including for users accessing and egressing the A303 Trunk Road and the connecting routes;
Be subject to the submission of a comprehensive and robust Transport Assessment and a supporting site wide Travel Plan which prioritises and promotes active travel and public transport use within and beyond the site. This will include:
Provision of suitable new and improved facilities for active modes (walking and cycling) in order to establish safe, suitable and convenient access both within the site and to the railway station at Micheldever Station;
Provision of high quality public transport infrastructure including Mobility Hubs which are sensitive to their setting, accessible and convenient waiting and boarding facilities, and new developer supported public transport services to access higher order services and facilities, including to/from the railway station at Micheldever Station, and Basingstoke town centre (including Basingstoke Railway and Bus Stations), which will be available to serve the residents and users of the first phase of the development and subsequent phases thereafter;
Ways to reduce the need to travel (including access to digital services), and to prioritise and maximise movement by active modes and public transport services, including layouts, street designs and associated measures that give priority to active travel and convenient access to high-quality public transport services, to minimise the transport impacts arising from the development;
Utilities

Provide or contribute towards suitable infrastructure for sewerage (on and off-site), foul water and other utilities."
"Delivering the Spatial Strategy","Policy SPS5.6: East of Basingstoke","SPS5.6: Land to the East of Basingstoke

The site, as shown on the Policies Map, is allocated for a well-designed and sustainable development that will:

Amount and Type of Development

Make Provision for:
Approximately 900 homes;
Specialist accommodation for older persons;
5% serviced plots for custom and self-build homes;
Education facilities;
A neighbourhood centre to meet the day-to-day needs of the community, providing a range of retail, leisure, cultural, community, health and service facilities;
Permanent Gypsy and Traveller pitches, proportionate to the size of the site when considered in relation to the overall need for pitches as set out in the latest version of the Gypsy and Traveller Accommodation Assessment.
Development Principles

Masterplanning

Be in accordance with the principles set out in:
The Concept Plan and the Land to the East of Basingstoke vision;
The Masterplan included in Appendix XX (to be produced prior to the Regulation 19 edition of the Local Plan); 
A Strategic Design Code in accordance with the Masterplan to be adopted as a Supplementary Planning Document prior to the grant of full planning permission or the first reserved matters;
Design and Landscape

The siting, density, scale, layout, character and hard and soft landscaping of the development must respond positively to and take opportunities to enhance: the landscape qualities of the site and wider area; the context of the neighbouring built environment; and the local distinctiveness of the area. The design and layout of the development on its outward facing edges will enable a suitable transition to the adjacent countryside;
Retain the physical and visual sense of separation between the development and Old Basing, and retain Old Basing’s separate and historic identity;  
Biodiversity

Protect and enhance key species and habitats, prevent detrimental impacts and, where unavoidable, mitigate the impact on protected species and habitats, and secure the creation and management of linkages that provide high levels of habitat connectivity within the site and to the wider green infrastructure network. This includes the protection of adjacent ancient woodland, Sites of Importance for Nature Conservation (SINCs), Pettys Brook and the River Loddon, through the provision of appropriate buffers;
Achieve a minimum 10% biodiversity net gain secured via an approved site management plan;
Heritage

Seek to preserve or enhance the significance, setting, character and appearance of the Old Basing Conservation Area, and to preserve the significance of nearby listed buildings including the Grade II listed Lodge Farm and barn, taking due account of the contribution made to their setting. Opportunities should be taken to better reveal the significance of heritage assets in the vicinity of the site, safeguarding important vistas and views;
Assess the full extent of any archaeological constraints via analysis by specialist consultants and ensure that the layout responds positively to those constraints, and successfully mitigates any archaeological impacts. This includes providing for the retention and careful management of important archaeological remains within and adjacent to the site, including the Pyotts Hill Entrenchment Scheduled Monument along the western edge of the site and the Roman Road, in a manner appropriate to their significance, with a sensitive landscaping strategy;
Flooding and Pollution

Avoid development and points of access within flood zones 2 and 3 and ensure that appropriate flood risk management measures are provided including considering the need for the expansion of the floodplain and the provision of sustainable drainage systems (SuDS) to avoid any polluting runoff into the watercourses;
Ensure that noise impacts arising from the A33 and adjacent incinerator, sewage treatment works and industrial uses are successfully mitigated through suitable measures;
Given the proximity of the energy recovery facility and sewage treatment works, robustly demonstrate and ensure that acceptable odour and air quality standards that are acceptable to the LPA, can be met within homes and amenity areas.
 
Infrastructure

Provide an Infrastructure Delivery Strategy with each full or outline planning application to demonstrate that infrastructure requirements have been comprehensively planned and phased;
Energy

Incorporate renewable and low carbon energy technologies including utilising the nearby incinerator for district heating;
Social and community

Make on-site provision for a two form of entry primary school, expandable to a three form entry if required;
Make on-site provision for a community centre which will meet the needs of the new development, as required by the council’s Infrastructure Delivery Plan;
Provide on-site sports pitch provision as required by the council’s Infrastructure Delivery Plan;
Green Infrastructure

Make on-site provision for suitable amounts of open/green space, including allotments and a Neighbourhood Park in the vicinity of the neighbourhood centre, in accordance with the council’s Green Space Standards, which is well related to the overall layout and character of the development taking account of how it relates to its surroundings. This provision will be set within a robust and effective green infrastructure network (incorporating pedestrian and cycle routes where appropriate) within and through the development (utilising appropriate planting in order to support their biodiversity and landscape function), and which links to the surrounding countryside, habitats and Public Rights of Way. The delivery of green space and play will need to be provided alongside development parcels in order that there are facilities for residents to use by the time that housing is occupied;
Maintain as open space the higher ground along the site’s northern boundary and in the south west by the Pyotts Hill Entrenchment;
Transport

Safe and convenient access must be provided for all users, prioritising active travel (walking and cycling), together with access to high quality public transport services that offer a genuine choice of transport modes, whilst also accommodating the vehicle movements associated with the operation of the adjacent incinerator and sewage treatment works;
Ensure no severe adverse impact on the highway network including the A33 corridor and connecting routes, nor any unacceptable impact on highway safety, with the inclusion of suitable measures to mitigate any impacts;
Include the submission of a comprehensive and robust Transport Assessment and supporting site wide Travel Plan which prioritises and promotes active travel and public transport use within and beyond the site. This will include:
Provide suitable new and improved facilities for active travel (walking and cycling) that integrate with the existing movement networks in order to establish safe, suitable and convenient access to facilities within the site, including the school, and also to Basingstoke town centre, Basing View, Chineham district centre and other local employment opportunities, facilities and services;
Provision of high quality public transport infrastructure (including bus priority measures, accessible and convenient waiting and boarding facilities, including a Mobility Hub(s) which is sensitive to its setting, and new high-quality developer supported public transport services and infrastructure, to access Basingstoke town centre (including Basingstoke Railway and Bus Stations) and other local facilities and services, which will be available to serve the residents and users of the first phase of the development and subsequent phases thereafter;
Ways to reduce the need to travel (including access to digital services), and to prioritise and maximise movement by active travel and public transport services, including layouts, street designs and associated measures that give priority to active travel and convenient access to high-quality public transport services, to minimise the transport impacts arising from the development. This needs to include the provision of an active travel and public transport corridor, with suitable connections to the north (via the Redlands site and onwards to the Taylor’s Farm Roundabout (A33)) and the south (Pyotts Hill/Bartons Lane). This needs to provide a direct route, with the inclusion of suitable traffic management measures, including preventing access by general traffic with Pyotts Lane/Bartons Lane to the south and the Redlands site to the north;
Utilities

Provide or contribute to suitable infrastructure for sewerage (on and off site), foul water and other utilities."
"Delivering the Spatial Strategy","Policy SPS5.7: Sherfield Hill Farm","Policy SPS5.7:  Sherfield Hill Farm

The site, as shown on the Policies Map, is allocated for a well designed and sustainable development that will:

Make provision for the delivery of approximately 300 homes including 5% serviced plots for custom and self-build homes;
Be in accordance with the principles of the Concept Plan and the Land to the East of Basingstoke vision;
Provide for permanent Gypsy and Traveller pitches, proportionate to the size of the site when considered in relation to the overall need for pitches as set out in the latest version of the Gypsy and Traveller Accommodation Assessment;
Ensure that the development will not have a severe adverse impact on the local highway network including the A33 and connecting routes, nor have an unacceptable impact on highway safety, with the inclusion of suitable measures to mitigate the impact.
Demonstrate how ways to reduce the need to travel, prioritise and maximise the use of active travel and public transport use have been considered and incorporated, to minimise the transport impacts arising from the development;
Demonstrate that safe, suitable and convenient access to local facilities and services can be achieved via active travel or public transport services;
The siting, density, scale, layout, character and hard and soft landscaping of the development must respond positively to, and take opportunities to enhance: the landscape qualities of the site and wider area; the context of the neighbouring built environment; and the local distinctiveness of the area.  The design and layout of the development on its outward facing edges should enable a suitable transition to the adjacent countryside.
Provide a gap between new housing and the site’s northern boundary in order to maintain the separate identity of Church End and prevent coalescence with Basingstoke. The design and layout of development will include an open and undeveloped green buffer to retain the visual and physical separation of Church End with Basingstoke and minimise the visual impact of development;
Provide a strategic planted buffer along the western boundary of the site to safeguard the landscaped character of this gateway into Basingstoke along the A33 and also maintain buffers along the eastern and southern boundaries of the site to protect and enhance existing tree belts;
Protect and enhance key species and habitats, prevent detrimental impacts and, where unavoidable, mitigate the impact on protected species and habitats, and secure the creation and management of linkages that provide high levels of habitat connectivity within the site and to the wider green infrastructure network.  The development will provide a minimum 10% biodiversity net gain together with a site management plan;
Preserve the significance, of the Grade II listed St Leonard’s Church taking due account of the contribution made by setting. Opportunities will be taken to better reveal the significance, including the setting, of the listed building, taking due account of important vistas and views;
Undertake technical investigation and assessment of all sources of flooding (including surface water and groundwater) to determine flood risk management measures to ensure sustainable development and incorporate the provision of on-site sustainable drainage systems (SuDS);
Ensure that acceptable noise standards can be met within homes and amenity areas through suitable noise mitigation measures in light of the proximity of the site to traffic along the A33;
Ensure acceptable noise and odour standards can be met within homes and amenity areas in light of the nearby incinerator and sewage treatment works;
Infrastructure

Make provision for suitable amounts of open/green space (including allotments), in accordance with the council’s Green Space Standards. This needs to create an effective green infrastructure network (incorporating pedestrian and cycle routes where appropriate) within and through the development (utilising appropriate planting in order to support their biodiversity and landscape function), and which links to the surrounding countryside, habitats and Public Rights of Way. The delivery of green space and play will need to be provided alongside development parcels in order that there are facilities for residents to use by the time that housing is occupied;
Ensure that safe and convenient access will be provided to the highway network from the A33 via the Taylor’s Farm Roundabout, including access to suitable controlled crossing facilities for pedestrians and cyclists. A site wide travel plan will need to be provided to minimise the transport impacts arising from the development and associated measures to deliver sustainable transport objectives will be required; 
Include measures to improve accessibility by active travel and ensure the ability to service the site by public transport;
Make provision on-site for a dedicated network of segregated walking and cycle routes to an adoptable standard that integrate with existing and proposed external routes including through the Redlands site to the south and to the wider Public Rights of Way network. This includes maintaining the alignment of the public footpath which runs east-west through the centre of the site and its landscaped setting, and improving the footpath to the east of the site and associated connections; 
Make provision for an on-site Mobility Hub, which is sensitive to its setting, together with access to future public transport services and active travel  corridors to Basingstoke town centre, including associated boarding and waiting facilities and secure cycle parking;
Provide or contribute towards suitable infrastructure for sewerage (on and off site), foul water and other utilities."
"Delivering the Spatial Strategy","Policy SPS5.8: Land West of Marnel Park","Policy SPS5.8:  Land West of Marnel Park

The site, as shown on the Policies Map, is allocated for a well designed and sustainable development that will:

Make provision for the delivery of approximately 200 homes including 5% serviced plots for custom and self-build homes;
Be in accordance with the principles of the Concept Plan;
Provide for permanent Gypsy and Traveller pitches proportionate to the size of the site when considered in relation to the overall need for pitches as set out in the latest version of the Gypsy and Travellers Accommodation Assessment;
Ensure that the development will not have a severe adverse impact on the local highway network including the A33 corridor and connecting routes, nor have unacceptable impact on highway safety, with the inclusion of suitable measures to mitigate the impact;
Demonstrate how ways to reduce the need to travel, prioritise and maximise the use of active travel and public transport use have been considered and incorporated to minimise the transport impacts arising from the development;
Demonstrate that safe, suitable and convenient access to local facilities and services can be achieved via active travel or public transport services;
The siting, density, scale, layout, character and hard and soft landscaping of the development must respond positively to, and take opportunities to enhance: the landscape qualities of the site and wider area; the context of the neighbouring built environment; and the local distinctiveness of the area.  The design and layout of the development on its outward facing edges will enable a suitable transition to the adjacent countryside.
The character, layout and appearance of the housing will be distinguishable from adjoining development to create a separate identity for this new neighbourhood;
Protect and enhance key species and habitats, prevent detrimental impacts and, where unavoidable, mitigate the impact on protected species and habitats, and secure the creation and management of linkages that provide high levels of habitat connectivity within the site and to the wider green infrastructure network. This includes the protection of great crested newt populations and Spiers Copse Site of Importance for Nature Conservation (SINC). The existing tree belt on the eastern boundary will be retained in full in order to maintain its visual and biodiversity functions and its identified role in local ecological network mapping. Provision will be made for buffers against the surrounding tree and hedge belts and the Spiers Copse and the Kiln Farm Spreads Ancient Woodland SINCs on the north eastern and western boundary of the site.  The development will provide a minimum 10% biodiversity net gain together with a site management plan;
The siting, density, scale, layout, character and hard and soft landscaping of the development, together with the siting of open space and landscape buffers, will mitigate any visual impact of the development on the strategic gap between Basingstoke and Sherborne St John.  This will require the avoidance of built development on the southern part of the site to the south east of Kiln Farm;
Provide a reinforced tree belt to the west and south of the housing parcels to protect views towards the site from the wider countryside and Chineham Lane, and minimise inter-visibility between Basingstoke and Sherborne St John. Green corridors with a minimum width of 20m will be introduced running east to west within the site, linking to the existing green infrastructure network within adjoining development and ensuring maintenance of the existing Public Rights of Way; 
Undertake technical investigation and assessment of all sources of flooding (including surface water and groundwater) to determine flood risk management measures to ensure sustainable development and incorporate  the provision of on-site sustainable drainage systems (SuDS); 
Seek to preserve the significance, of the Kiln Farm historic farmstead, taking due account of the contribution made by the allocation site to setting. Opportunities will be taken to better reveal the significance, including the setting, of heritage assets in the vicinity of the site. Development within the setting of heritage assets will be sensitively located and designed to avoid or minimise adverse impacts; 
Assess the full extent of any archaeological constraints via analysis by specialist consultants, and ensure that the layout responds positively to those constraints, and successfully mitigates any archaeological impacts;
Make appropriate use of mineral resources as established via a Mineral Resource Assessment;
Implement any necessary protection measures following gas monitoring assessment prior to development, due to the presence of former domestic landfill close to the site boundary;
Infrastructure

Make provision for suitable amounts of open/green space (including allotments), in accordance with the council’s Green Space Standards. This will need to be provided in a manner which is well related to the overall layout and character of the development, and how it relates to its surroundings. This provision needs to create an effective green infrastructure network (incorporating pedestrian and cycle routes where appropriate) within and through the development (utilising appropriate planting in order to support their biodiversity and landscape function), and which links to the surrounding countryside, habitats and Public Rights of Way.  The delivery of green space and play will need to be provided alongside development parcels in order that there are facilities for residents to use by the time that housing is occupied;
Provide a primary vehicular access route from the neighbouring development of Spiers Meadow;
Include measures to improve accessibility by active travel and public transport including safe, suitable and convenient access to local facilities and services, the Basingstoke Town Centre (including Basingstoke Railway and Bus Stations), local public transport services, including suitable waiting and boarding facilities and associated connections;
Provide internal adoptable walking and cycle routes which link to existing and proposed external routes including through the Spiers Meadow development to the south and to the Public Right of Way network, including to Sherborne St John.  This includes retaining the alignment of the public footpath which runs east-west through the centre of the site and its landscaped setting;
Provide or contribute towards suitable infrastructure for sewerage (on and off site), foul water and other utilities."
"Delivering the Spatial Strategy","Policy SPS5.9: Weybrook Park Golf Course","Policy SPS5.9:  Weybrook Park Golf Course

The site, as shown on the Policies Map, is allocated for a well designed and sustainable development that will:

Make provision for the delivery of approximately 220 homes including 5% serviced plots for custom and self-build homes;
Be in accordance with the principles of the Concept Plan;
Provide for permanent Gypsy and Traveller pitches, proportionate to the size of the site when considered in relation to the overall need for pitches as set out in the latest version of the Gypsy and Traveller Accommodation Assessment;
Ensure no severe adverse impact on the local highway network including the A340 corridors and connecting routes, nor have an unacceptable impact on highway safety, with the inclusion of suitable measures to mitigate the impact;
Demonstrate how ways to reduce the need to travel, prioritise and maximise the use of active travel and public transport use have been considered to minimise the transport impacts arising from the development;
Demonstrate that safe, suitable and convenient access to local facilities and services can be achieved active travel or public transport services;
The siting, density, scale, layout, character and hard and soft landscaping of the development must respond positively to, and take opportunities to enhance: the landscape qualities of the site and wider area; the context of the neighbouring built environment; and the local distinctiveness of the area.  The design and layout of the development on its outward facing edges will enable a suitable transition to the adjacent countryside;
Protect and enhance key species and habitats, prevent detrimental impacts and, where unavoidable, mitigate the impact on protected species and habitats, and secure the creation and management of linkages that provide high levels of habitat connectivity within the site and to the wider green infrastructure network.  The development will provide a minimum 10% biodiversity net gain together with a site management plan; Retain the northern part of the site as undeveloped green space in order to protect rural views between Basingstoke and Sherborne St John and to prevent the coalescence of these settlements. The design and layout of development will include a strong and defensible green buffer in the northern part of the site to limit the visual impact of development;
Retain and enhance existing tree belts and hedges along all external boundaries to protect the rural setting of the site, with suitable buffers.  Housing will be sited away from the western boundary to protect longer distance views towards the site from the west and the rural setting of the public footpath;
Undertake technical investigation and assessment of all sources of flooding (including surface water and groundwater) to determine flood risk management measures to ensure sustainable development and incorporate  the provision of on-site sustainable drainage systems (SuDS); 
Ensure that acceptable noise standards can be met within homes and amenity areas through suitable mitigation measures in light of the proximity of the site to traffic along the A340.
Infrastructure

Make provision for suitable amounts of open/green space in accordance with the council’s Green Space Standards, including the provision of allotments. This needs to create an effective green infrastructure network (incorporating pedestrian and cycle routes where appropriate) within and through the development (utilising appropriate planting in order to support their biodiversity and landscape function), and which link to the surrounding countryside, to habitats and Public Rights of Way. The delivery of green space and play will need to be provided alongside development parcels in order that there are facilities for residents to use by the time that housing is occupied;
Ensure that a safe, suitable and convenient access is provided from the A340 Aldermaston Road for all users and provide a site wide travel plan to minimise the need to travel (including access to digital services) and associated measures to minimise the transport impacts arising from the development; There must be no vehicular access onto or from Rooksdown Lane apart from emergency access;
Include measures to improve accessibility by active travel modes and ensure safe, suitable and convenient access to local public transport services to/from Basingstoke Town Centre (including Basingstoke Railway and Bus Stations), together with suitable waiting and boarding facilities, and associated connections; 
Make provision on site for a dedicated network of segregated walking and cycle routes to an adoptable standard, that integrate with existing and proposed external routes including to Park Prewett to the south and to the Public Rights of Way network; 
Provide or contribute towards suitable infrastructure for sewerage (on and off site), foul water and other utilities."
"Delivering the Spatial Strategy","Policy SPS5.10: Overton Mill, Overton","Policy SPS5.10:  Overton Mill

The site, as shown on the Policies Map, is allocated for a well-designed and sustainable development that will:

Make provision for the delivery of:
Approximately 340 homes including 5% serviced plots for custom and self-build homes;
Small-scale employment (Classes E(g), B2 and B8) and retail (Class E) uses; and
Parking facilities for the railway station;
Be in accordance with the principles of the Concept Plan;
Provide for permanent Gypsy and Traveller pitches, proportionate to the size of the site when considered in relation to the overall need for pitches as set out in the latest version of the Gypsy and Travellers Accommodation Assessment;
Ensure that the development will not have a severe adverse impact on the local highway network nor have an unacceptable impact on highway safety with the inclusion of suitable measures to mitigate the impact; 
Demonstrate how ways to reduce the need to travel, prioritise and maximise the use of active travel and public transport use have been considered to minimise the transport impacts arising from the development;
Demonstrate that safe, suitable and convenient access to local facilities and services can be achieved by active travel or public transport services;
Ensure the development responds positively to, and takes opportunities to, safeguard and enhance the landscape and scenic beauty of the North Wessex Downs National Landscape, recognising the landscape qualities of the site; the built environment of Quidhampton and Overton; and the local distinctiveness of the area. The design and layout of the development on its outward facing edges will enable a suitable transition to the surrounding National Landscape.
Ensure that consideration is given to the siting, density, massing, scale, layout, hard and soft landscaping and character of the development in relation to its landscape context, which should have regard to the following:
The impact on the National Landscape, with particular regard to the landscape character of the National Landscape and views to, from and within the National Landscape, including from Public Rights of Way and viewpoints in the wider countryside of the North Wessex Downs;
The setting of the adjoining Test Valley Valued Landscape; 
Retain existing trees and take opportunities to enhance the structural landscaping of the site.  Additional planting must be provided to reinforce existing tree belts along the northern and eastern boundaries of the built-up area, and will  be in keeping with the landscape character of the area.  Additional planting will also help to minimise the visual impact of the development on the National Landscape, including on views from publicly accessible countryside to the north, east and west of the site; and to reinforce existing groups of trees adjacent to the boundary in the southern part of the site;
Ensure there is no unjustified adverse impact on the significance of heritage assets, or on the ability to appreciate significance, caused by development within the setting of neighbouring heritage assets including Overton Conservation Area and listed buildings such as Quidhampton Farmhouse; 
Protect and enhance key species and habitats, prevent detrimental impacts and, where unavoidable, mitigate the impact on protected species and habitats, and secure the creation and management of linkages that provide high levels of habitat connectivity within the site and to the wider green infrastructure network.  This will include ensuring that the development does not result in harm to the Site of Special Scientific Interest (The River Test) and the adjoining Site of Importance for Nature Conservation (SINC). The development will provide a minimum 10% biodiversity net gain together with a site management plan;
Undertake technical investigation and assessment of all sources of flooding (including surface water and groundwater) to determine flood risk management measures to ensure sustainable development and incorporate provision of on-site sustainable drainage systems (SuDS);
Demonstrate, via a nutrient neutrality mitigation strategy, that nutrient neutrality can be achieved in perpetuity in order to protect the Solent nature conservation sites.  This should be via on-site mitigation measures unless it can be robustly demonstrated that this is not achievable, in which case off-site mitigation would be required;
Ensure that noise impacts arising from the railway and any employment use on the site are successfully mitigated through suitable measures;
Make appropriate use of mineral resources as established via a Mineral Resource Assessment;
Remediate the land of any contamination and ensure the remediation is complete before any part of the development is occupied;
Infrastructure

Make provision for suitable amounts of open/green space in accordance with the council’s Green Space Standards, including the provision of allotments.  This will need to be provided in a manner which is well related to the overall layout and character of the development and how it relates to its surroundings. This provision needs to incorporate effective green infrastructure links (incorporating pedestrian and cycle routes where appropriate) within and through the development (utilising appropriate planting in order to support their biodiversity and landscape function), and which link to the surrounding countryside, habitats and Public Rights of Way network. The delivery of green space and play will need to be provided alongside development parcels in order that there are facilities for residents to use by the time that housing is occupied;
Ensure that safe and convenient access will be provided to the highway network, via Papermill Lane for the residential uses and Station Hill/Station Approach for the small scale employment and retail uses and parking facilities for the station. Emergency only access should be provided from Kingsclere Road (B3051);
Include measures to improve accessibility by active travel to local facilities and services and ensure the ability to service the site by public transport.  Suitable pedestrian and cycle access routes should be provided between Overton train station (Platforms 1 & 2) and the land to the north and south of the railway line;
Make provision on-site for a dedicated network of segregated walking and cycle routes to an adoptable standard that integrate with existing and proposed external routes and to the wider Public Rights of Way network. This includes maintaining the alignment of the Byway which runs north-south through the eastern part of the northern site; 
Provide or contribute towards suitable infrastructure for wastewater (on and off site), foul water and other utilities."
"Delivering the Spatial Strategy","Policy SPS5.11: Redlands Lodge","Policy SPS5.11:  Redlands Lodge

The site, as shown on the Policies Map, is allocated for a well designed and sustainable development that will:

 Make provision for the delivery of approximately 16 homes;
Be in accordance with the principles of the Concept Plan and the Land to the East of Basingstoke vision;
Ensure that the development is integrated with, and well related to, the neighbouring East of Basingstoke site allocation (Policy SPS5.6) in terms of siting, scale, layout, integration with footpath and cycle routes, and infrastructure provision;
Ensure the provision of safe, suitable and convenient access for all users via the East of Basingstoke allocation site, or from development to the north of the site (on the former allocation site known as Redlands), whilst also accommodating users of the public footpath (Sherfield on Loddon Footpath 4).
Ensure the provision of measures to prevent vehicular access between this site and the A33 via the existing drive and the public footpath (Sherfield on Loddon Footpath 4).
The siting, density, scale, layout, character and hard and soft landscaping of the development must respond positively to, and take opportunities to enhance: the landscape qualities of the site and wider area; the context of the neighbouring built environment; and the local distinctiveness of the area. The design and layout of the development on its outward facing edges should enable a suitable transition to the adjacent countryside. This will require the retention, and enhancement where appropriate, of the tree belts and hedges along the boundaries of the site.
Include measures to avoid and mitigate the impact of development upon key species and habitats and enhance habitat connectivity. The development will provide a minimum 10% biodiversity net gain together with a site management plan;
Undertake technical investigation and assessment of all sources of flooding (including surface water and groundwater) to determine the flood risk management measures which are required to ensure sustainable development and incorporate the provision of on-site sustainable drainage systems (SuDS);
Opportunities will be taken to better reveal the significance, including the setting, of heritage assets in the vicinity of the site, safeguarding important vistas and views;
Ensure that noise impacts arising from the A33 and nearby incinerator, sewage treatment works and industrial uses are successfully mitigated through careful design and layout, and the provision of substantial buffers; and
Given the proximity of the incinerator and sewage treatment works, ensure that acceptable odour and air quality standards can be met within homes and amenity areas."
"Delivering the Spatial Strategy","Policy SPS5.12: Land adjacent to Weybrook Park Golf Course","Policy SPS5.12:  Land adjacent to Weybrook Park Golf Course

The site, as shown on the Policies Map, is allocated for a well designed and sustainable development that will:

 Make provision for approximately 30 homes
Be in accordance with the principles of the Concept Plan;
Ensure that the development is integrated with, and well related to, the neighbouring Weybrook Park Golf Course site allocation (Policy SPS5.9) in terms of issues such as siting, scale, layout, integration with footpath and cycle routes, and infrastructure provision;
The siting, density, scale, layout, character and hard and soft landscaping of the development must respond positively to, and take opportunities to enhance: the landscape qualities of the site and wider area; the context of the neighbouring built environment; and the local distinctiveness of the area. This will require the retention, and enhancement where appropriate, of the trees and hedges along the boundaries of the site.  The design and layout of the development on its outward facing edges will enable a suitable transition to the adjacent countryside;
Protect and enhance key species and habitats, prevent detrimental impacts and, where unavoidable, mitigate the impact on protected species and habitats, and secure the creation and management of linkages that provide high levels of habitat connectivity within the site and to the wider green infrastructure network.  The development will provide a minimum 10% biodiversity net gain together with a site management plan;
Ensure that the layout responds positively to the full extent of the archaeological constraints and successfully mitigates any archaeological impacts.
Infrastructure

Make provision for suitable amounts of open/green space in accordance with the council’s Green Space Standards. This needs to create an effective green infrastructure network (incorporating pedestrian and cycle routes where appropriate) within and through the development (utilising appropriate planting in order to support their biodiversity and landscape function), and which link to the surrounding countryside, to habitats and Public Rights of Way. The delivery of green space will need to be provided alongside development parcels in order that there are facilities for residents to use by the time that housing is occupied;
Ensure that a safe, suitable and convenient access is provided for all users, including to local facilities and services, together with onsite turning and servicing facilities;
Provide or contribute towards suitable infrastructure for sewerage (on and off site), foul water and other utilities.
Incorporate the provision of on-site sustainable drainage systems (SuDS)."
"Delivering the Spatial Strategy","Policy SPS5.13: 16 Southern Road","Policy SPS5.13:  16 Southern Road

The site, as shown on the Policies Map, is allocated for a well designed and sustainable development that will:

Make provision for approximately 9 homes;
Be in accordance with the principles of the Concept Plan;
Ensure a safe, suitable and convenient access is provided for all users, whilst maintaining the safe and unhindered operation of Southern Road and the existing pedestrian crossing/raised table upon the southern frontage of this site;
Respond positively to, and take opportunities to enhance, the characteristics of the site and wider area through the siting, density, scale, layout, character and hard and soft landscaping of the development and have due regard to the amenity of neighbouring properties;
Housing along the Southern Road frontage should be no more than 2-storeys in height;
Include measures to avoid and mitigate the impact of development upon key species and habitats and enhance habitat connectivity. The development will provide a minimum 10% biodiversity net gain together with a site management plan;
Preserve or enhance the significance, setting, character and appearance of the Basingstoke Town Centre and Fairfields Conservation Areas through the protection of views to and from those conservation areas;
Preserve the significance, and setting, of listed buildings, including the Grade II listed All Saints Church through the siting, scale, layout and character of development; .
Opportunities should be taken to better reveal the significance, including the setting, of heritage assets in the vicinity of the site, taking due account of important vistas and views;
Ensure that the development of the site does not prejudice the development of the Local Plan allocation site to the immediate north at 65 New Road; and
Ensure that acceptable noise standards can be met through suitable mitigation measures in light of the proximity of the site to road traffic."
"Delivering the Spatial Strategy","Policy SPS5.14: 65 New Road","Policy SPS5.13:  16 Southern Road

The site, as shown on the Policies Map, is allocated for a well designed and sustainable development that will:

Make provision for approximately 9 homes;
Be in accordance with the principles of the Concept Plan;
Ensure a safe, suitable and convenient access is provided for all users, whilst maintaining the safe and unhindered operation of Southern Road and the existing pedestrian crossing/raised table upon the southern frontage of this site;
Respond positively to, and take opportunities to enhance, the characteristics of the site and wider area through the siting, density, scale, layout, character and hard and soft landscaping of the development and have due regard to the amenity of neighbouring properties;
Housing along the Southern Road frontage should be no more than 2-storeys in height;
Include measures to avoid and mitigate the impact of development upon key species and habitats and enhance habitat connectivity. The development will provide a minimum 10% biodiversity net gain together with a site management plan;
Preserve or enhance the significance, setting, character and appearance of the Basingstoke Town Centre and Fairfields Conservation Areas through the protection of views to and from those conservation areas;
Preserve the significance, and setting, of listed buildings, including the Grade II listed All Saints Church through the siting, scale, layout and character of development; .
Opportunities should be taken to better reveal the significance, including the setting, of heritage assets in the vicinity of the site, taking due account of important vistas and views;
Ensure that the development of the site does not prejudice the development of the Local Plan allocation site to the immediate north at 65 New Road; and
Ensure that acceptable noise standards can be met through suitable mitigation measures in light of the proximity of the site to road traffic."
"Delivering the Spatial Strategy","Policy SPS5.15: Land off Ashwood Way","Policy SPS5.15:  Land off Ashwood Way

The site, as shown on the Policies Map, is allocated for a well designed and sustainable development that will:

Make provision for approximately 18 homes;
Be in accordance with the principles of the Concept Plan;
Ensure a safe, suitable and convenient access is provided for all users, whilst maintaining the safe and unhindered operation of the Ashwood Way (including the existing roundabout);
Respond positively to, and take opportunities to enhance, the characteristics of the site and wider area through the siting, density, scale, layout, character and hard and soft landscaping of the development.
Include measures to avoid and mitigate the impact of development upon key species and habitats and enhance habitat connectivity. The development will provide a minimum 10% biodiversity net gain together with a site management plan;
Ensure that the existing trees on site are retained where possible and opportunities are taken to provide additional planting to enhance the landscape structure of the site and the outlook of the residents. Replacement planting will be needed in relation to any trees which are removed (utilising appropriate native species);
Make provision for suitable amounts of open/green space in accordance with the council’s Green Space Standards; and
Ensure that acceptable noise standards can be met through suitable mitigation measures in light of the proximity of the site to road traffic."
"Delivering the Spatial Strategy","Policy SPS6: Neighbourhood Planning","Policy SPS6:  Neighbourhood Planning

The council will support parish/town councils and other representatives from local communities in non-parished areas in meeting needs through the Neighbourhood Planning process.

In the settlements listed below, it will be necessary to identify sites/opportunities to meet the following levels of development, within and/or adjacent to the settlements’ defined Settlement Policy Boundaries:

 
Policy requirement at 2021 baseline
Update since 2021
Outstanding requirement at April 2023
Rural Towns and Large Villages
Whitchurch
220
 
220
Medium villages
Bramley
55
Permission for 140 homes at Stocks Farm
0
Kingsclere
175
 
175
Small villages
Bishops Green
15
Permission for 42 homes at Land West of Ecchinswell Road
0
Burghclere
15
Adopted Neighbourhood Plan with housing allocation to meet requirement
0
Cliddesden
20
 
20
Dummer
10
 
10
Headley
10
 
10
Highclere
10
 
10
North Waltham
10
 
10
Preston Candover
10
 
10
Silchester
15
 
15
St Mary Bourne
15
 
15
At the time of the Local Plan’s five year review, if a neighbourhood plan or neighbourhood development order that would meet the requirements of this policy has not been submitted to the Council, or at least 50% of a settlement’s identified requirement has not been given planning permission, the council will allocate sites to meet this need through a Development Plan Document."
"Delivering the Spatial Strategy","Policy SPS7: Ensuring a supply of deliverable sites","Policy SPS7:  Ensuring a Supply of Deliverable Sites

The delivery of residential development will be managed to ensure a five year supply of sites can be maintained over the plan period. A review of the Local Plan will be triggered if a future supply cannot be demonstrated.

To take account of water quality matters in line with Policy ENV9 and where monitoring indicates a likely deterioration in individual elements band status of the borough’s water bodies, development proposals in affected areas will have to demonstrate that they would not exacerbate such deterioration in the relevant catchment. Intervention mechanisms will be required to improve the quality of the relevant catchment prior to the release of any further allocated sites or granting of planning permissions."
"Delivering the Spatial Strategy","Policy SPS8 - Nuclear Installations – Aldermaston and Burghfield","Policy SPS8:  Nuclear Installations – Aldermaston and Burghfield

The council requires development in the land use planning consultation zones surrounding (1) AWE Aldermaston and (2) AWE Burghfield to be managed in the interests of public safety.

Development will only be permitted where the Off Site Nuclear Emergency Plan can accommodate the needs of the population in the event of an emergency. All development proposals within all consultation zones that trigger consultation with the Office for Nuclear Regulation’s (ONR) Directorate will be considered in conjunction with the ONR, who will have regard to:

The proposed use;
The scale of development proposed;
The location of the development; and
The impact of the development on the functioning of the emergency plan through appropriate consultation with the multi agencies who have duties under The Radiation Emergency Preparedness and Public Information Regulations (REPPIR)."
"Delivering the Spatial Strategy","Policy SPS9: Basing View","Policy SPS9:  Basing View

Basing View will continue to be regenerated as a 21st century business location and will be protected as a high-quality strategic employment site  (E (g) (i) (ii) use. It will support the role of Basingstoke town as a driver of economic growth by further encouraging economic prosperity and inward investment.

Development proposals will be permitted which:

Help enhance Basing View’s role as one of the borough’s primary focuses for employment through the provision of high quality office floorspace, which should be Grade A standard (or in the case of refurbished floorspace, the highest standard which is practical and viable);
Support regeneration through the provision of complementary uses (including mixed-use proposals) such as retail, hotel accommodation, medical facilities, leisure uses and restaurants;
Deliver higher education uses, including supporting student residential accommodation;
Make efficient and effective use of under-used/vacant land;
Utilise sustainable design and construction methods and provide on-site low carbon energy generation;
Deliver a total of approximately 300 homes, in addition to student accommodation;
Secure the provision of facilities for cyclists, pedestrians and public transport to access Basing View in a safe and convenient manner, including integration with the town centre and railway station and the necessary mitigation works for the wider highway network;
Achieve a high standard of design which contributes towards the delivery of a high-quality public realm and meets the plan’s climate change policies to support the council’s climate emergency and ecological emergency declarations."
"Delivering the Spatial Strategy","Policy SPS10: Oakdown Farm","Policy SPS10:  Oakdown Farm

The site is allocated for an exemplar, well-designed and highly sustainable development that supports the council’s climate emergency declaration by meeting or exceeding the plan’s climate change policies and achieving clean growth. It will:

Make provision for the delivery of warehousing and/or industrial floorspace (use classes B2 or B8);
Be in accordance with the principles of the Concept Plan;
Ensure there are no unacceptable detrimental impacts on existing properties near the site, including from noise and external lighting;
Ensure safe, suitable and convenient access for all users, whilst maintaining the safe and unhindered operation of the surrounding highway network (A30, etc.), together with prioritising active travel (walking and cycling), and access to high quality public transport services that offer a genuine choice of transport modes;
Be subject to the submission of a comprehensive and robust Transport Assessment and a supporting site wide Travel Plan, which demonstrates how measures to prioritise and maximise movement by active travel  and public transport use have been incorporated into the development, to minimise the transport impacts arising from the development;
Recognise the site’s key position in the approach to, and as a ‘gateway’ to, Basingstoke along the two major road routes of the M3 and the A30, and adjacent to Junction 7 of the M3. Development will respond positively to the site’s varying visibility to the wider landscape and local Public Rights of Way network, and to changes in levels across the site. This ‘gateway’ status and response to its landscape context will be achieved through a design and landscape-led approach to the development of the site. Development will enhance the landscape qualities of the site and the wider area through appropriate siting, scale, massing, layout, appearance and hard and soft landscaping. Gaps between the buildings should be included to ensure visual separation is achieved;
Retain and enhance existing tree belts and hedges along all external boundaries, minimising any impact associated with access provision, and retain and respond positively to protected trees within the site;
Ensure that the layout and scale of built form responds positively to the Dummer Conservation Area and other heritage assets in the vicinity of the site;
Protect and enhance key species and habitats, prevent detrimental impacts and, where unavoidable, mitigate the impact on protected species and habitats, and secure the creation and management of linkages that provide existing or improved levels of habitat connectivity within the site and to the wider green infrastructure network. The development will provide a minimum 10% biodiversity net gain together with a site management plan;
Undertake technical investigation and assessment of all sources of flooding (including surface water and groundwater) to determine flood risk management measures to ensure sustainable development and incorporate provision of on-site sustainable drainage systems (SuDS);
Ensure that the layout responds positively to archaeological assets and successfully mitigates any impacts.
Infrastructure

Demonstrate that the design of the means of access for all users and the associated highway improvements take into account and do not prejudice the provision of safe, suitable and convenient access to serve the Southern Manydown site allocation (Policy SPS5.4), including the provision of suitable pedestrian and cycle connections between both sites and other nearby residential developments;
Demonstrate the provision of sufficient onsite access, parking, loading/unloading, servicing and turning facilities (including for HGVs and other vehicles likely to access this site) to accommodate the peak parking, servicing and operational requirements of the development, whilst maintaining the safe and unhindered operation of the surrounding highway network (A30, etc.); and
Provide or contribute towards suitable infrastructure for wastewater (on and off site), foul water and other utilities."
"Delivering the Spatial Strategy","Policy SPS11: Basingstoke Leisure Park","Policy SPS11:  Basingstoke Leisure Park

The Basingstoke Leisure Park will be revitalised and modernised as a prime leisure destination, accommodating new and enhanced leisure facilities which support its role as a regional leisure destination. Development proposals will enhance the public realm including through the provision of new and improved open spaces. Development proposals to improve active travel into and through the park will be supported. New buildings must meet the Plan’s climate change policies to support the council’s climate emergency declaration. 

New and improved leisure facilities will be permitted where there is no significant adverse impact on existing town or district centres within Basingstoke. Retail development on the Leisure Park will only be supported where it remains ancillary to the new or existing leisure uses and is required to make the new provision economically viable, without detriment to the borough’s defined retail centres."
"Delivering the Spatial Strategy","Policy SPS12: Chineham Railway Station","Policy SPS12:  Chineham Railway Station

This 1.8 hectare site lies to the North West of Chineham and is safeguarded for the development of a new passenger railway station and associated car parking."
"Protecting and Enhancing the Natural Environment","Policy ENV1: Landscape","Policy ENV1:  Landscape

Development will only be permitted where it can be demonstrated, through a suitable assessment, that the proposals are sympathetic to the character and visual quality of the area concerned. Development proposals must respect, enhance and not be detrimental to the character or visual amenity of the landscape likely to be affected, paying particular regard to:

The particular qualities identified within the council’s landscape character assessment and any subsequent updates or relevant guidance;
The visual amenity and scenic quality;
The setting of a settlement, including important views to, across, within and out of settlements;
The local character of buildings and settlements, including important open areas;
Trees, ancient woodland, hedgerows, water features such as rivers and other landscape features and their function as ecological networks;
Intrinsically dark landscapes;
Historic landscapes, parks and gardens and features; and
The character of the borough’s rivers and tributaries, including the River Loddon, Test, and Enborne which should be safeguarded.
Development proposals must also respect the sense of place, sense of tranquillity or remoteness, and the quiet enjoyment of the landscape from public rights of way. Development proposals will not be accepted unless they maintain the integrity of existing settlements and prevent their coalescence. Development proposals also need to take account of, but not be limited to, identified features in Neighbourhood Plans, such as views and important open areas.

Where appropriate, proposals will be required to include a comprehensive landscaping scheme to ensure that the development would successfully integrate with the landscape and surroundings. The assessment of character and visual quality and the provision of a landscaping scheme should be proportionate to the scale and nature of the development proposed.

Designation of the North Wessex Downs National Landscape reflects the national importance of that landscape and its setting. Development proposals in the National Landscape or its setting will also be determined in accordance with national planning policy and criteria set out in the North Wessex Downs Management Plan and associated documents, such as position statements.

Landscapes of particularly high value outside of the National Landscape are identified as Valued Landscapes on the Policies map. Development proposals will only be permitted in these areas where they protect and enhance features that contribute to the character, quality and interpretation of these landscapes.

Valued Landscapes are shown on the Policies Maps and are:

Ecchinswell Lowland and Wolverton Lowland;
Pamber Forests and Heaths;
Loddon Floodplain;
Test Valley;
Ellisfield Valleys, and Candover Valley Floor and Lower Valley Sides."
"Protecting and Enhancing the Natural Environment","Policy ENV2: Strategic Gaps","Policy ENV2:  Strategic Gaps

In order to prevent coalescence of built-up areas and to maintain the separate identity of settlements, the generally open and undeveloped nature of the following gaps will be protected:

Basingstoke - Oakley
Basingstoke - Sherborne St John
Basingstoke - Old Basing
Basingstoke/Chineham - Bramley/Sherfield on Loddon
Basingstoke – North Waltham
Basingstoke - Dummer
Tadley-Baughurst
Development in gaps will only be permitted where:

It would not diminish the physical and/or visual separation; and
It would not compromise the integrity of the gap either individually or cumulatively with other existing or proposed development; or
It is proposed through a Neighbourhood Plan or Neighbourhood Development Order, including Community Right to Build Orders."
"Protecting and Enhancing the Natural Environment","Policy ENV3: Thames Basin Heath Special Protection Area","Policy ENV3:  Thames Basin Heaths Special Protection Area

New residential development which is likely to have a significant effect on the ecological integrity of the Thames Basin Heaths Special Protection Area (SPA) will be required to clearly demonstrate that any potential adverse effects are fully mitigated.

For all net additional residential development within a 5km straight line distance of the SPA, relevant mitigation measures will be required in line with the Thames Basin Heaths Delivery Framework. This will include the provision of, or contributions towards, Suitable Alterative Natural Green Space (SANGS), and contributions towards Strategic Access Management and Monitoring (SAMM). Applications for large scale residential development (over 50 new dwellings) within 5-7km of the SPA will be assessed individually and, if needed, bespoke mitigation will be required in accordance with Natural England guidance and successors."
"Protecting and Enhancing the Natural Environment","Policy ENV4: Nutrient Neutrality","Policy ENV4:  Nutrient Neutrality

New dwellings and development resulting in a net increase in population (including student accommodation, and tourist attractions and accommodation) served by a wastewater system that will discharge into the River Test and Itchen catchment (as shown on the Policies Map) will be required to demonstrate nutrient neutrality through the submission of a nutrient budget(s) in order to ensure that there is no adverse impact on the integrity of the following International nature conservation sites:

Solent and Southampton Water Special Protection Area
Solent and Southampton Water Ramsar site
Solent Maritime Special Area of Conservation
Solent and Dorset Coast Special Protection Area
Solent and Isle of Wight Lagoons Special Protection Area
River Itchen Special Area of Conservation
Development will only be permitted where the Council is satisfied that any necessary mitigation, management and monitoring measures are secured in perpetuity as part of the proposal and will be implemented in a timely manner to ensure that there will be no significant effect on the protected sites."
"Protecting and Enhancing the Natural Environment","Policy ENV5: River Loddon, Test and Enborne Corridors","Policy ENV5: River Loddon, Test and Enborne corridors

Development proposals will respect and enhance the special qualities of the river corridors and tributaries within the borough (to include those of the River Itchen) in terms of their landscape quality and the water environment including associated habitats. 

Development that is within or adjacent to the River Loddon, Test or Enborne corridors and their tributaries will be required to conserve and enhance:

The natural characteristics of the river, its springs, headwaters and associated species
Water sources and water quality
The river corridor’s ecosystem, geodiversity and ecological connectivity
The natural functioning of the river through the seasons taking into account:
Biodiversity and geology
Historic significance;
Character and appearance of the landscape;
Ability for maintenance of the watercourse, including flood risk management purposes;
Natural buffers to prevent incidents of polluting run-off and protect biodiversity;
Increased public access to the river corridor and the associated impacts of this increase;
Marginal vegetation and the ecological value of the area including its role as an ecological network;
Aquatic and riparian vegetation of the river environment.
Local winterbournes and other seasonal waterbodies,
The varying size and associated habitats within a corridor which, in order to avoid uncertainty, are defined as the habitats immediately surrounding the waterbody that contribute toward its character and ecology including but not exhaustively flood plains, water meadows, wet woodland, reedbeds, fens, mires, bankside vegetation and other smaller waterbodies within close proximity and/or sharing the same topography and geology.
Major development proposals must demonstrate how they will support the relevant River Basin Management Plan, Green Infrastructure Strategy and any local Catchment Plan and successors. Development proposals will be expected to retain a 10 m wide undeveloped buffer strip alongside Main Rivers (and 5m buffer alongside ordinary watercourses) as set out in the SFRA, and where opportunities exist for the restoration and enhancement of natural elements of the river environment they should be incorporated within the design of new developments."
"Protecting and Enhancing the Natural Environment","Policy ENV6: Biodiversity, Geodiversity and Nature Conservation","Policy ENV6:  Biodiversity, Geodiversity and Nature Conservation

1. Development proposals will avoid harm to biodiversity and/or geodiversity or, where that is proved not possible, be adequately mitigated so that it can be clearly demonstrated that:

There will be no adverse impact on local populations of key species including their nesting, roosting or shelter or other features that directly support their ecology; and
There will be no loss or deterioration of a key priority habitat type, including irreplaceable habitats, their supporting habitats or site fabric; and
There will be no adverse impact on the integrity of designated and proposed internationally, nationally or locally designated sites (including Sites of Importance for Nature Conservation (SINCs) and Local Nature Reserves (LNRs)), including sites that meet the SINC criteria but have not been designated; and
There will be retention of ecological connectivity and the integrity of linkages between designated sites and key habitats including within the wider Nature Recovery Network; and
Appropriate buffer zones can be achieved, where required, between the development proposals and important landscape features. Development proposals must demonstrate adequate protection zones and buffers around hedgerows and other woodland and trees to prevent damage to root systems. Future growth should also be taken into consideration. Where veteran trees or ancient woodlands are located within or adjacent to a development site, suitable information should be submitted setting out the location of all significant ancient woodland or veteran trees (a BS5837 Survey or any subsequent updates). A minimum buffer of 15 metres from the edge of the roots of the trees being assessed will be required between new development and ancient woodland unless specified otherwise by national policy.  For large-scale developments, larger buffers may be required to take account of other impacts, such as the creation of access routes and recreational impacts; and
The mitigation hierarchy has been followed.
The weight given to the protection of nature conservation interests will be proportionate to its international, national or local significance and any designation or protection applying to the site, habitat or species concerned.

2.  Applications for development must include adequate and proportionate information to enable a proper assessment of the implications for biodiversity and geodiversity.

3.  Where development proposals do not comply with the above (avoid, minimise, then restore) and it has been clearly demonstrated that there is no other satisfactory alternative, then as a last resort, compensation measures must be secured to offset the potential impacts on biodiversity in addition to achieving the required net gain.

4.  For proposals that directly and indirectly affect nationally protected sites (Sites of Special Scientific Interest) and irreplaceable habitats, it must be demonstrated that the need for, and the benefits arising from the development, clearly outweigh the harm.  This approach will only be considered to be acceptable where exceptional circumstances can be demonstrated.  The need to achieve the required net gain will remain.

5.  Development proposals will be required to include proportionate measures to contribute to biodiversity improvement and help address the council’s declared Ecological Emergency through the creation, restoration, enhancement and management of habitats and ecological features, including measures that help link key habitats and assist the ecological potential of the site to adapt to climate change. Proposals should seek to provide environmental gains through the use of nature-based solutions and taking account of natural capital and the associated ecosystem services.

For qualifying development proposals, a measurable biodiversity net gain (using the Statutory Biodiversity Metric) of at least 10% will be required to be demonstrated, which shall be maintained for a minimum period of 30 years. This must be delivered within the site boundary wherever possible or, where agreed, on off-site land within the Borough within the applicant’s ownership or on land that supports strategic nature recovery initiatives, such as Local Nature Recovery Strategies (LNRSs), priorities within the Landscape and Biodiversity Strategy (and subsequent updates), or where identified by the Council as having ecological significance.
Where evidence exists of deliberate degradation of any of the habitats on a site prior to the application process, it will be assumed, for the purposes of calculating Biodiversity Net Gain, that the condition of the habitat concerned is the highest potential condition.  Where ecological data for the site exists and is accessible, which can confirm the habitats present and/or condition, this will be used as the baseline.
6. Approaches to secure measurable improvements could be achieved through:

Delivery within the following strategic nature recovery initiatives:
Biodiversity Opportunity Areas (BOAs);
Biodiversity Priority Areas (BPAs) of the River Loddon and River Test as identified in the council’s Green Infrastructure Strategy (and subsequent updates);
Relevant River Catchment Management Plans within the Borough;
Existing and forthcoming network opportunity mapping and Local Nature Recovery Networks; and
Other local strategic projects identified by the council where appropriate;
Priorities within the Landscape and Biodiversity Strategy (and subsequent updates).
On-site and/ or off-site provision linked to new development in accordance with the council’s adopted green space standards.
7. Where development is exempt from Biodiversity Net Gain, and where those developments will be making an impact on biodiversity, development proposals will be expected to provide measurable improvements."
"Protecting and Enhancing the Natural Environment","Policy ENV7: Green and Blue Infrastructure","Policy ENV7:  Green and Blue Infrastructure

Development proposals will only be permitted provided that:

It can be demonstrated by an assessment appropriate to the nature of the proposal (such as the Building with Nature accreditation) that it protects and enhances the integrity, quality, connectivity and multi-functionality of the existing green and blue infrastructure network and individual sites; and
It enhances green and blue infrastructure through provision within the site, and supports the guidance, standards and delivery of the Green Infrastructure Strategy (and any updates); and
Any adverse impacts on the green and blue infrastructure network, as well as identified deficiencies, are fully mitigated through the provision of green, or where appropriate, blue infrastructure on site or, through appropriate off-site compensatory measures within the borough where the needs of new residents can be met without harm to the needs of existing residents; and
Where new green and blue infrastructure is provided within new development, suitable arrangements are in place for its future funding, maintenance, management and delivery alongside the requirements of the proposed development.
The council will support proposals which improve links and remedy identified deficiencies in the green and blue infrastructure network in accordance with the council’s Green Infrastructure Strategy (2018, or any subsequent updates).

The council will seek to protect and enhance the quality and extent of green spaces and public rights of way, including public open space and access to the countryside. Proposals for the redevelopment of green spaces will not be permitted unless it can be clearly demonstrated that:

Replacement areas will be at least equivalent in terms of quality, quantity and accessibility, and there will be no overall negative impact on the provision of green infrastructure; or
A robust assessment clearly demonstrates that the space is surplus to local requirements and will not be needed in the-long term in accordance with the council’s local standards; or
The proposal is for alternative recreational provision which meets evidence of local need in such a way as to outweigh the loss and includes multi-functional space that delivers a range of benefits including connectivity, reduced flood risk and urban cooling.
Development proposals will be permitted where it can be clearly demonstrated that

green infrastructure and where appropriate blue infrastructure can be provided and phased to support the requirements of proposed development and be in accordance with the council’s adopted green space standards. Green space and equipped play will normally be provided on-site, as set out in criterion c).

All proposals for major development will be required to provide a high standard of design for green and blue infrastructure. New developments should also, where relevant, be considered against best practice including the National Design Guide, Building with Nature Standards and the National Framework of Green Infrastructure Standards."
"Protecting and Enhancing the Natural Environment","Policy ENV8: Local Green Space","Policy ENV8:  Local Green Spaces

Development on Local Green Spaces, as shown on the Policies Map and listed below, or designated through Neighbourhood Plans (including those made after the date of the Local Plan’s adoption), will only be acceptable in the following exceptional circumstances:

The provision of appropriate facilities (in connection with the existing use of land or a change of use) for outdoor sport, outdoor recreation, cemeteries and burial grounds, and allotments; as long as the facilities preserve the openness of the Local Green Space and do not conflict with its purpose and enjoyment thereof;
The extension, alteration or replacement of a building provided that it does not result in disproportionate additions over and above the size of the original building;
Other forms of development that may be appropriate provided they preserve the openness of the Local Green Space and do not conflict with the purposes of its designation are:

Engineering operations
Required local transport infrastructure
The re-use of buildings provided that the buildings are of permanent and substantial construction
Material changes in the use of land (such as changes of use for outdoor sport or recreation, or for cemeteries and burial grounds); and
Development, including buildings, brought forward under a Community Right to Build Order or Neighbourhood Development Order.
Local Green Spaces designated by Local Plan:

Reference
Site

 
LGS006
Tollhouse Meadow, Chineham

 
LGS009
Land North of the Cricket Ground, Whitchurch
LGS010

 
Cricket Ground, Whitchurch
LGS015

 
Greenspace adjacent to Amport Road, Basingstoke
LGS016

 
Broadhurst Grove, Lychpit
LGS017

 
Saxon Way, Lychpit
LGS020

 
Mapledurwell Pond
LGS021

 
Up Nately Pond
LGS022

 
St Marks Meadow, Basingstoke
LGS024

 
The Lime Pits, Basingstoke
LGS026

 
St Mary’s Avenue open space, Bramley
LGS027

 
Yew Tree Close open space, Bramley
LGS028

 
Brighton Hill Park (adjacent ASDA)
LGS029

 
Brighton Hill Playing Fields
LGS030

 
Alencon Link (Pocket Park), Basingstoke
LGS031

 
Culver Road, Play Area at the side of 36 Culver Road, Basingstoke
LGS032

 
Goodman Close, Play Area to rear of 22 Goodman Close, Basingstoke
LGS033

 
King George V Playing Fields, Basingstoke
LGS034

 
Knight Street play area, Basingstoke
LGS035

 
Lower Brook Street open space (pocket park), Basingstoke
LGS036

 
Portacre Rise open space, Basingstoke
LGS037

 
Victory Park, Basingstoke
LGS038

 
Sinclair Drive open space, Basingstoke
LGS040

 
Park View open space (extension to Stratton Park), Basingstoke
LGS041

 
CCGA, Chineham
LGS042

 
Taylors Farm Community Centre Playing Fields, Chineham
LGS043

 
Eastrop Park, Basingstoke
LGS044

 
Glebe Gardens, Basingstoke
LGS045

 
War Memorial Park and Old Common, Basingstoke
LGS046

 
Cranbourne Road / Kingsmill Road open space, Basingstoke
LGS047

 
Beggarwood Park, Basingstoke
LGS048

 
Danebury Road open space, Basingstoke
LGS049

 
Hatch Warren Community Centre Playing Fields, Basingstoke
LGS050

 
Down Grange Playing Fields, Basingstoke
LGS051

 
Old Down Park, Basingstoke
LGS052

 
Stratton Park, Basingstoke
LGS053

 
The Orchard, Kendall Gardens, Basingstoke
LGS055

 
Queen Mary Avenue open space (adjacent to The Vyne School), Basingstoke
LGS056

 
Sherborne Road Playing Field, Basingstoke
LGS057

 
Shooters Road open space (adjacent to The Vyne School) Basingstoke
 
LGS058

 
Whiteditch Playing Fields, Basingstoke
LGS059

 
London Road, Overton
LGS060

 
Burney Bit open space, Pamber
LGS061

 
Chineham Park
LGS062

 
Pershore Road, Basingstoke
LGS063

 
Popley Community Park
LGS064

 
Carpenters Down Playing Fields, Basingstoke
LGS065

 
Tewkesbury Close open space, Basingstoke
LGS066

 
Oxford Way / Carter Drive open space, Basingstoke
LGS067

 
Rooksdown Park, Basingstoke
LGS068

 
Russell Howard Park, Basingstoke

 
LGS069

 
Southdown Road, Tadley
LGS070

 
Caesars Way open space and Witan Court play area, Whitchurch
 LGS071

 
Daniel Park Whitchurch
LGS072

 
Winklebury Playing Fields, Basingstoke
LGS076

 
Campbell Road, Bramley
LGS077

 
Community meadow, Kingsclere Road, Overton
LGS078

 
Edward Kersley Playing fields, Overton
LGS079

 
Football ground, Berrydown playing fields, Overton
LGS080

 
Foxdown play area, Overton
LGS081

 
Oaktree Park, Overton
LGS082

 
Overton Hill, Overton
LGS083

 
Overton Recreation Centre, Overton
LGS085

 
Playing field and skate park, Sapley Lane, Overton
LGS086

 
Poultons Road, Overton
Existing Local Green Spaces designated in Neighbourhood Plans:

Ashford Hill with Headley Neighbourhood Plan (2022-2029)

Ashford Hill Recreation Ground
Headley Recreation Ground
Mill Green Common Land
Sports Pitches and Common Land to the North of Ashford Hill
Oakfield Open Space
Headley Ford
Hollybush Small Open Space
Harrow Drive Open Space
Bramley Neighbourhood Plan (2011-2029)

Moat Close
Clift Meadow Park
Bramley Green
Land north of Deerfield Park
Land east of Campbell Road
Land off Farriers Close and Lane End
Village Green
Parish Football Ground
Burghclere Neighbourhood Plan (2011-2029, as modified)

Memorial Garden, Portal Hall Gardens
War Memorial Green
Green between Church of the Ascension and the School House
Old Railway Line (north of Harts Lane)
East Woodhay Neighbourhood Plan (2022-2029)

Parish Field including Brownies Corner
Woolton Hill Recreation Ground
St Thomas’ Churchyard
St Martin’s Churchyard
Woolton Hill Junior School playing fields
St Martin’s CoE School playing fields
Meadowbrook Community Land and ‘Kickabout’ area
Meadowbrook Strip by Tile Barn Row
Harwood Rise Green Space
Heath End Recreation Ground
Leased land of East Woodhay Cricket Club
East End Triangle
Ecchinswell, Sydmonton and Bishops Green Neighbourhood Plan (2021-2039)

Eagle Road Recreation Area, Bishops Green
Beech Road Recreation Area, Bishops Green
Harrier Road open space, Bishops Green
Ecchinswell pond, Ecchinswell
Methodist Church Yard, Ecchinswell
St Lawrence’s Church Yard, Ecchinswell
Ecchinswell Village Hall Play Park and Recreation Ground
Ecchinswell War Memorial area
Old Church Yard, Ecchinswell
Digweeds, Ecchinswell
Kingsclere Neighbourhood Plan (2011-2029)

West of Keeps Mead & Garrett Close
Longcroft Road playground
Community Orchard site, Pony Paddocks & allotments
Strokins Rd playground
Holding Field
Basingstoke Road
The Dell recreation ground
Pound Green
The Malthouse Open Space behind St Mary’s Church
Newbury Road/Cedar Drive
The Fieldgate Centre
Oakley Neighbourhood Plan (2011-2029)

A1 Village Pond
A2 Small village pond
B1 Kennet Way play area
B2 Newfound sports ground
B3 Peter Houseman ground
B4 Beach park
C1 Cowdown copse
C2 St John’s copse
C3 Pathway from St John’s Road
C4 Water ridges chalk heap
Old Basing and Lychpit Neighbourhood Plan (2015-2029)

Basingstoke Canal
Hodds Lane Copse
Sherfield on Loddon Neighbourhood Plan (2011-2029)

Allotments
Village Green North
Village Green Middle
Village Green South of Plantation
Village Green adjacent to Court Farm
Village Green South
Slip Road Triangle
A33 Triangle
A33 Bund
Village Green War Memorial
Village Green - Crossroads Triangle
Village Green - NE Bramley Road
Wootton St Lawrence Neighbourhood Plan (2016-2029)

Recreation ground
Ramsdell playing field"
"Protecting and Enhancing the Natural Environment","Policy ENV9: Water Quality","Policy ENV9:  Water Quality

The council will work in partnership  to protect, manage and improve the water quality of the borough’s water environment particularly the quality of water bodies which are currently failing to meet the Water Framework Directive (WFD) requirements as set out in the associated River Basin Management Plan (RBMP) documents. In the interests of positively managing the water quality of the borough, new development should incorporate sustainable drainage systems .

The quality of the water environment is monitored as part of RBMPs and the Environment Agency’s monitoring process, the results of which will be reported through the council’s AMR. Should the monitoring indicate that there is likely to be a deterioration in an individual element’s band status of the borough’s water body(ies); Policy SPS7 will prevent further development which exacerbates such deterioration within the relevant catchment and intervention mechanisms will be required to improve the quality of the relevant catchment prior to the release of any further allocated sites or granting of planning permissions.

In order to protect and improve water quality, potentially contaminating development proposals on principal aquifers or within Source Protection Zones will need to demonstrate that groundwater and surface water is protected to prevent a deterioration of water quality and pollution of the water source.

Development proposals adjacent to a watercourse will incorporate measures to protect the watercourse in accordance with the Green Infrastructure Strategy and the actions of the River Basin Management Plans. Developments should include measures that will improve the water environment unless it is not viably or technically possible to do so.

Where new water supply or wastewater infrastructure is required or proposed in support of new development, the development will be phased alongside the provision of the infrastructure to ensure:

Compliance with the Habitats Regulations;
That there is no deterioration in the status of water bodies which might impact adversely on Water Framework Directive requirements; and
The avoidance or mitigation of any other adverse impacts, including but not limited, to ensuring resilience in the water supply to both existing and new residents.
Where there is a capacity constraint the council will, where appropriate, apply grampian conditions to any approval to ensure that necessary infrastructure upgrades are delivered ahead of the occupation of the relevant phase of development."
"Protecting and Enhancing the Natural Environment","Policy ENV10: Managing Flood Risk","Policy ENV10:  Managing Flood Risk

The sequential approach to development, as set out in national guidance, will be applied across the borough, taking into account all sources of flooding as contained within the council’s Strategic Flood Risk Assessment (SFRA). Development within areas of flood risk from any source of flooding[1] will only be acceptable if it is clearly demonstrated that it is appropriate at that location, development will be safe from flooding and not increase the risk of flooding elsewhere, and that there are no suitable available alternative sites at a lower flood risk. Development proposed in an area at risk of flooding will be required:

To be supported by a Flood Risk Assessment[2] (FRA) (subject to the triggers in national guidance and set out below);
To clearly demonstrate that the benefits of the development to the community, outweigh the risk of flooding when applying the sequential test and exception test (where required);
When applying the sequential test, to clearly demonstrate that the impacts of climate change are taken into account as identified in the SFRA (and in any subsequent information provided by the Environment Agency or LLFA);
To provide a safe access and egress route up to a 1 in 100 year flood event plus climate change allowance; and
To attenuate surface water run-off on the site so that the run-off rate is no greater than existing for a greenfield site or, if the site is previously developed, development actively reduces run-off rates and volumes as close as practicably possible to greenfield rates.
The triggers for an FRA are:

All sites of 1 ha or more in Flood Zone 1;
All Sites in Flood Zone 2 or 3;
Land which has been identified by the Environment Agency as having critical drainage problems
Land identified in a SFRA as being at increased flood risk now and in the future
Land that may be subject to other sources of flooding where its development would introduce a more vulnerable use [3]
Sites that have a record of localised or groundwater flooding from the SFRA (and any subsequent records of flooding reported to the Lead Local Flood Authority or water company);
Sites in Local critical drainage areas and upstream of Local critical drainage areas .
All planning applications for major development are required to ensure that Sustainable Drainage Systems (SUDs) are used for the management of surface water unless demonstrated to be inappropriate. All new developments in areas at risk of flooding must give priority to the use of sustainable drainage systems. Details of the design, construction, maintenance, operation and adoption of the SUDs over the lifetime of the development (a SuDS Strategy) shall be included with the proposal and implemented accordingly.

Any development proposed within a flood risk priority area identified in Hampshire County Council’s Catchment Management Plans, will be expected to comply with the policy statements in those Plans (and any updates and future action plans). Opportunities to reduce the causes and impacts of flooding within the borough through development should be taken.

Developers will be expected to engage early with the relevant water company to ensure that the necessary infrastructure is delivered alongside the development."
"Protecting and Enhancing the Natural Environment","Policy ENV11: Energy standards","Policy ENV11:  Energy Standards

1) Energy hierarchy

All development proposals will reduce carbon emissions in accordance with the following energy hierarchy (in order of preference):

Minimise energy use through the layout, orientation and design of buildings;
Maximise the fabric efficiency of buildings, and design and specify efficient building systems with fossil free heating; and
Maximise on-site renewable electricity and energy storage.
Development proposals will not use fossil fuels burnt on-site and will minimise embodied and whole-life carbon.

Proposals for:

All new dwellings (including residential conversions); and
New non-residential development over 100sqm gross floorspace (including conversions and extensions) will submit an Energy Statement, which is proportionate to the scale and nature of the application, to demonstrate how these requirements have been met.
Householder development and non-residential developments of less than 100 sqm gross floorspace will not be required to submit an Energy Statement but will be expected to incorporate rooftop photovoltaics unless it can be demonstrated that it is not technically feasible, or not suitable for any other well-justified reason.

2) Net zero homes

All newly constructed homes will (based on predicted energy modelling methodologies and tools such as Passivhaus Planning Package (PHPP) or CIBSE TM54) have:

A space heating demand of no more than 15kWh/m2/yr; and
An Energy Use Intensity (EUI) of no more than 35kWh/m2/yr.
These energy demand standards must be met unless it can be robustly demonstrated through the design process that they would not be technically feasible or would result in a development that would be harmful to its setting or the character of the wider area.

In order to achieve a net zero operational energy balance, the annual amount of renewable energy generated will match or exceed the predicted total energy use of the building.  Where it can be robustly demonstrated that it would not be technically feasible or would cause harm to the setting or the character of the wider area to provide enough renewables on the building to match its total energy use, a net zero operational energy balance will be achieved through the provision of new, additional renewable energy capacity elsewhere on the site or, as a last resort, through payment into the council’s offset fund.

3) Reducing embodied carbon

Developments of 100 homes or more, and non-residential development of 10,000sqm or more, should calculate their embodied carbon emissions through a nationally recognised methodology and demonstrate the actions being taken to reduce these.

4) Improvements to existing buildings

The improvement and retrofitting of existing buildings will be supported where they comply with other policies in the Plan. When considering planning applications, weight will be given to significant improvements to the fabric efficiency of existing buildings."
"Protecting and Enhancing the Natural Environment","Policy ENV12: Sustainable Design and Construction requirements","Policy ENV12:  Sustainable Design and Construction and Adaptation

Development will be permitted where it minimises resource use and includes measures to mitigate and adapt to climate change.

Proposals for:

All new dwellings (including residential conversions); and
New non-residential development over 100sqm gross floorspace (including conversions and extensions) will submit a Sustainability Statement to demonstrate how they will:
Minimise construction waste, including designing out waste during the design stage, and reusing materials (including soil) where possible;
Reduce waste from occupiers by providing facilities for recycling and composting where achievable;
Minimise water use including through the use of sustainable water management solutions such as sustainable drainage systems, greywater recycling, green roofs and/or rainwater harvesting systems, where achievable and energy and cost effective.
Include site and building-level adaptation measures that ensure resilience to future climate change impacts and provide for the comfort, health, and wellbeing of occupiers and the surrounding environment over the lifetime of the development. These measures should be integral to the layout and design of new development and take into account the vulnerability of the building occupants.
Sustainability and water efficiency standards

New-build non-residential developments of 1000sqm gross floorspace or more will be required to achieve a BREEAM standard of ‘Excellent’ or ‘Outstanding’. Proposals must achieve at least six credits for energy efficiency (Category ENE01) and five credits for water consumption (Category WAT01) unless these can be robustly demonstrated to not be technically achievable or viable.

New homes (including replacement dwellings) will be required to meet a water efficiency standard of 110 litres or less per person per day. Certification of new homes against the BRE Home Quality Mark is strongly encouraged."
"Protecting and Enhancing the Natural Environment","Policy ENV13: Renewable and low carbon energy","Policy ENV13:  Renewable and Low Carbon Energy Generation

Development proposals for the generation of energy from renewable and low carbon resources will be supported and encouraged, where their impact is, or can be made, acceptable.

In determining applications for renewable and low carbon energy, and associated infrastructure, the following issues will be balanced:

the contribution of the proposals, in light of the Council’s pledge to be carbon neutral by 2030, to cutting greenhouse gas emissions, decarbonising energy systems and improving air quality.
the environmental, economic and social impacts of the scheme, together with any cumulative issues, including in respect of air quality, biodiversity and geological conservation, the loss of high grade agricultural land, flood risk, the historic environment including heritage assets, the landscape and visual appearance (including impacts upon the character, visual quality and setting of the National Landscape), traffic generation, pollution including noise, the local highway network and water quality. The council will take a strategic view of applications, to avoid clusters where inappropriate. 
the impact on users and residents of the local area, including where relevant, shadow flicker, air quality, vibration and noise.
the direct benefits to the area and local community.
Subject to complying with the above criteria, proposals will be permitted where they add renewable energy to existing buildings and structures, or where they repower or extend the life of an existing renewable energy site.

The policies map identifies areas that are suitable for solar and wind development (these will be identified post-Regulation 18).

In the areas identified as suitable for ground-mounted solar, proposals will be assessed against criteria a)-d) above and there will be an increased likelihood that they will be permitted. Outside these areas, proposals will be assessed against criteria a)-d) and applicants will need to clearly justify their proposals, including demonstrating that the site would meet the criteria that the council had used to identify suitable areas (these will be set out when suitable areas have been identified, post-Regulation 18).

Development involving one or more wind turbines will only be permitted in areas identified as suitable for wind energy on the policies map, in a neighbourhood plan or by other means identified in the NPPF (so long as this remains a requirement of national policy). In these areas, proposals will be assessed against criteria a)-d), having particular regard to the wind turbines’ scale and any landscape impacts. Proposals for wind must demonstrate that, following consultation, the planning impacts identified by affected local communities have been appropriately addressed and therefore the proposals have their backing.

Proposals will need to demonstrate their links to the existing infrastructure, such as the road network or national grid.

The council will support neighbourhood planning groups and/or community-led energy project teams with identifying suitable locations for renewable and low carbon technologies that could be brought forward in neighbourhood plans or as part of a community-led energy scheme.

Significant weight will be given to community led energy schemes where evidence of community support can be demonstrated, with administrative and financial structures in place to deliver/manage the project and any income from it.

District heating networks

The council will support and encourage the development of heat networks, where suitable. Where a development site is close to a source of waste heat or an existing heat network, it will be required to demonstrate that it has considered all opportunities to connect to it.

Applications for development that would result in significant discharge of waste heat should be approved only where connection to an existing or new heat network, and / or co-location with development that will utilise the waste heat has been secured.

Battery storage

Proposals for battery storage will be supported where they comply with the criteria in this policy and other relevant Development Plan policies, and where an emergency plan has been provided for the facility to address the risk of fire.

Reinstatement of sites

Provision should be made for the removal of the facilities and reinstatement of the site should it cease to be operational."
"Protecting and Enhancing the Natural Environment","Policy ENV14: Pollution","Policy ENV14:  Pollution

In order to address the council’s climate emergency and ecological emergency declarations, development will be permitted provided it does not contribute to, and is not adversely affected by, pollution[1] that is detrimental to quality of life[2], or that poses unacceptable risks to health or the natural environment. Development should help to improve local environmental conditions unless this is not viably or technically possible.

Development that would result in unavoidable pollution will only be permitted where measures to adequately mitigate these polluting effects can be implemented.

Development which is sensitive[3] to pollution will only be permitted where:

There would be no detrimental impact on quality of life as a result of existing, historic, or nearby land uses and activities; and
It would not lead to unacceptable risks to human health or the natural environment, as a result of existing, historic, or nearby land uses and activities; or
Adequate remedial or mitigation measures are proposed and can be implemented."
"Supporting A Thriving Local Economy","Policy EMP1: Economic Growth and Investment","Policy EMP1:  Economic Growth and Investment

Proposals will be permitted which support economic growth and productivity, taking into account both local business needs and wider opportunities for development. Economic growth within the borough must be predicated on clean growth principles[1]  and proposals must meet the Plan’s climate change policies to support the council’s climate emergency and ecological emergency declarations.

Over the plan period, the plan will aim to support the creation of a minimum of 560  jobs per annum.

Inward investment the growth of existing enterprises and the formation and growth of new businesses will be enabled by:

Protecting strategic employment sites for employment use (E(g)/Bclass) and enabling the regeneration/redevelopment of these sites for employment uses;
Allocating new employment sites for industrial, storage and distribution uses;
Permitting employment uses at the strategic housing sites detailed in policies, where the employment uses are of a scale and type appropriate to the sites location and where they will contribute to the creation of sustainable mixed-use communities.
Permitting new employment uses in suitable locations outside of the areas identified above where this can be justified, as per the criteria set out below (criteria k – q).
Opportunities to develop the following key employment sectors will be supported:

Specialist/advanced manufacturing (including research and development)
Financial and business services in Basingstoke town centre and the established office locations of Basing View, Chineham Business Park (including Hampshire International Business Park) and Viables.
Storage and distribution in suitable locations.
Digital and ICT
Chemical and Pharmaceuticals, and life sciences
Green/low carbon technologies.
Development proposals within the Basingstoke Settlement Policy Boundary (outside of Strategic Employment Areas), or in exceptional circumstances, adjacent to the Basingstoke Settlement Policy Boundary, for economic development falling within use class E (g) (ii) (iii) or B2 or B8, will be supported where:

It can be demonstrated that there is a need for the proposed development;
It can be demonstrated that there are not suitable sites available for the proposed development within Strategic Employment Areas;
The proposal can be reasonably accessed via sustainable travel options;
There is safe and convenient access to the strategic highway network (in the case of B8 uses only);
It will not have an unacceptable detrimental impact on neighbouring land uses, including residential properties;
The proposal will not have an unacceptable impact on the character of the area, including nearby settlements; and
The proposal successfully mitigates the landscape and biodiversity impacts (and achieves 10% biodiversity net gain), which will include provision of sufficient space for appropriate soft landscaping/green infrastructure, appropriate location of development within the site, and utilises a design, layout of built form and use of materials in order to ensure that any significant landscape and biodiversity impacts are minimised."
"Supporting A Thriving Local Economy","Policy EMP2: Employment Land and Premises","Policy EMP2:  Employment Land and Premises (B-Use Classes) (Use Classes E(g), B2 and B8)

1. Strategic Employment Areas

The Strategic Employment areas identified on the Policies Map and listed in the supporting text below will be protected for employment generating uses within the Use Classes E(g) B2 and B8.

Proposals for new employment floorspace within Strategic Employment Areas will be supported. Proposals should be suitable to the location and not harm the operation of neighbouring businesses.

The change of use or redevelopment of land and buildings within the Strategic Employment Areas for non-employment uses will only be permitted where it can be demonstrated that:

The building is vacant and has been actively marketed for employment uses at a reasonable rate for at least 12 months (immediately prior to the submission of the application); and
It can be demonstrated through a Viability Appraisal that the site cannot be viably regenerated/redeveloped for employment uses.
2. Other sites in employment use within Settlement Policy Boundaries

The change of use or redevelopment of land and buildings in employment use within the defined settlement policy boundaries will be permitted where it can be demonstrated that:

The building is vacant and has been actively marketed for employment uses at a reasonable rate for at least 12 months (immediately prior to the submission of the application); and
It can be demonstrated through a Viability Appraisal that the site cannot be viably regenerated/redeveloped for employment uses; or
The site is not appropriate for the continuation of its present or any employment use due to a significant detriment to the environment or amenity of the area.
Other employment sites may be identified through the neighbourhood planning process."
"Supporting A Thriving Local Economy","Policy EMP3: Town, District and Local Centres","Policy EMP3:  Town, District and Local Centres

Main town centre uses (such as retail, office, entertainment and leisure) will be permitted within the defined town, district and local centres provided that they are designed at a scale and character which reflects the role, function and distinctive qualities of the centre. Any development that would harm the vitality and viability of a defined centre will not be permitted.

The hierarchy of centres is:

Town Centre

Basingstoke
 

District Centres

Brighton Hill

Chineham

Overton

Tadley

Whitchurch
 

Local Centres

Kingsclere
 

New local and district centres may also come forward as part of larger developments set out in Policy SPS5 where they are suitable in scale to the level of growth proposed and where their scale would not have a significant adverse impact upon the vitality and viability of existing centres or on any committed, planned or proposed public or private investment in existing centres.

Development, including extensions to existing facilities, for main town centre uses outside of the defined centres which are not in accordance with an up-to-date plan will only be permitted if, in accordance with the sequential test, it could be demonstrated that the development could not be accommodated firstly within a suitable and available centre, or then within an edge of centre location having demonstrated appropriate flexibility in the format and scale of development proposed. In addition to the small-scale rural uses exempted by national policy, proposals for small-scale retail and leisure uses (including those in Use Class F2) that meet the day-to-day needs of local people will not be required to apply the sequential test.

Where not in accordance with an up-to-date plan, development for retail and leisure uses, with a net usable sales floorspace exceeding 250sqm, in edge or out of centre locations will be permitted if, following an Impact Assessment, it would not have a significant adverse impact upon the vitality and viability of existing centres and on any committed, planned or proposed public or private investment in existing centres."
"Supporting A Thriving Local Economy","Policy EMP4: Rural Economy","Policy EMP4:  Rural Economy

To support a prosperous rural economy, development proposals for economic uses in the countryside will be permitted where they:

Support the sustainable growth and expansion of all types of business through the conversion of existing buildings and, where there are no suitable existing buildings, through the provision of well-designed new buildings;
Support the development and diversification of agricultural and other land-based rural businesses including those important to the local rural economy such as equestrian and fishing;
Where suitable opportunities exist, prioritise previously developed land and sites that are physically well-related to existing settlements;
Are predicated on clean growth principles and meet the Plan’s climate change policies in order to support the council’s climate emergency declaration.
Are for a use and at a scale that is appropriate to the site and its setting and avoid adverse impacts on the landscape, heritage, environment and biodiversity.
The access to the site should be safe and development should not result in an adverse impact on the local highway network taking into account the type of traffic generated and the appropriateness of the rural roads and the impact on their character and appearance. Development proposals that result in an increase in HGVs on C and U class roads, or a significant increase in other traffic on C and U class roads will generally not be permitted.
The change of use or redevelopment of land and buildings in employment use (class E(g), B2 and B8) in non-isolated locations within the countryside for non employment uses will only be permitted where it can be demonstrated that:

The building is vacant and has been actively marketed for employment uses at a reasonable rate for at least 12 months (immediately prior to the submission of the application); and
It can be demonstrated through a viability appraisal that the site cannot be viably regenerated / redeveloped for employment uses.
Alternatively, development proposals will be supported where it is demonstrated that the site is not appropriate for the continuation of its present or any employment use due to a significant detriment to the environment or amenity of the area."
"Supporting A Thriving Local Economy","Policy EMP5: Rural Tourism","Policy EMP5:  Rural Tourism

Proposals for sustainable tourism development which respect the character of the countryside (including guest accommodation and visitor facilities) will be permitted where:

It utilises an existing suitable building through change of use or conversion without the need for substantial rebuilding, extension or alteration; or
In the case of a new building, it forms part of an existing facility or cluster of permanent buildings and is of a scale appropriate to its location especially where it could have visual or other unacceptable adverse impacts on the National Landscape, chalk streams, heritage or the character and appearance of the area; New buildings which do not consolidate existing facilities or clusters of permanent buildings will require a robust justification, which demonstrates a need for the new building and that there are not existing buildings available which could meet the requirements of the proposed development in a practical and viable manner;
In the case of extensions to existing buildings, these are sympathetic to the existing building and character of the area; and
In all cases the scale of development is appropriate when considering the impacts on the local highway network and is accessible by sustainable and active means of travel wherever possible, linking to existing footpaths, cycleways and public transport networks.
Proposals for new or expanded existing camping (including glamping) and touring caravan sites will be permitted where the proposals are sympathetic to the character and visual quality of the area particularly where impacts on the National Landscape, chalk streams and heritage are concerned and any unacceptable impacts can be successfully mitigated."
"Creating Sustainable and Infrastructure-Rich Communities","Policy INF1: Infrastructure","Policy INF1:  Infrastructure

Developers and landowners must work constructively with the council, infrastructure providers/operators and existing communities throughout the planning process, to identify and address the infrastructure needs arising from the proposal (including the cumulative effects of nearby sites) to ensure that the right infrastructure is provided at the right location and time to make the development acceptable in planning terms. The provision of suitable infrastructure will support the creation of sustainable communities in line with the council’s climate emergency and ecological emergency declarations.

New development must ensure that sufficient infrastructure is in place to support it. Development will be required to set out the infrastructure needed, where and when this will be delivered, and to provide and contribute towards the provision of additional services, facilities and infrastructure to serve future occupiers and users at a rate, scale and pace to meet the needs and requirements that are expected to arise from that development.

Development proposals will be permitted where the developer has clearly demonstrated in agreement with the relevant infrastructure providers/operators (including suitable delivery, future management and maintenance arrangements) that infrastructure can be provided and phased (if necessary) to support the infrastructure requirements of the proposed development, including that identified in paragraph 6 below (as appropriate). This includes mitigating any adverse impacts on existing communities, infrastructure networks, services and facilities. Infrastructure provision or improvements should be provided on-site as an integral part of a development. Site specific mitigation measures will be secured by planning obligations.

Where off-site measures are proposed they should meet identified needs, and the Community Infrastructure Levy (CIL) or its successor will be the primary mechanism to secure the necessary financial or equivalent contribution from development.

New and improved infrastructure should be provided prior to occupation of the development, or in larger schemes, prior to the occupation of the phase of the development for which it is needed to serve the occupants and users of the development. This will be secured by appropriate planning conditions, s.106 planning obligations including bonds and the council’s procedures with respect to the use of CIL revenue.

To ensure that infrastructure is provided on a comprehensive basis and taking into account the cumulative effect of new homes on services and facilities, the council will resist proposals that bring forward piecemeal development of individual plots of single dwellings as components of a larger site.

The requirements for strategic and local infrastructure are set out in the council’s Infrastructure Delivery Plan (IDP), and Supplementary Planning Documents. This will also include development briefs, codes and masterplans associated with allocated sites. A summary of green space, sport and recreation standards applied on development are set out in Appendix 2."
"Creating Sustainable and Infrastructure-Rich Communities","Policy INF2: Transport","Policy INF2:  Transport

Recognising the council’s declared Climate Emergency, the council will work in partnership to promote a safe, efficient and convenient transport system which will:

Build on the borough’s strategic location, through improvements to strategic road and rail connections to the wider area;
Promote transport choice, through improvements to public transport services and supporting infrastructure, including the introduction of a high-quality network of routes, and providing coherent and direct walking and cycling networks with off-road facilities to provide a genuine alternative to the car and support a modal shift;
Improve access to Basingstoke town centre, including the bus and railway station, and other key destinations such as areas of employment and healthcare facilities including the hospital;
Manage congestion and provide for consistent journey times; and
Promote and improve safety, security and healthy lifestyles.
Development should seek to minimise the need to travel and maximise opportunities for sustainable transport modes, to minimise the transport impacts arising from the development, improve accessibility to facilities and services, and support the transition to a low carbon future.

Development proposals will be permitted that:

Place pedestrians, cyclists and public transport at the heart of the development, prioritising their movement according to the Sustainable Transport Hierarchy;
Prioritise travel by sustainable transport modes, including maximising opportunities for Active Travel (walking and cycling) and public transport use;
Integrate into existing movement networks;
Provide safe, suitable and convenient access for all potential users;
Provide an on-site movement layout compatible for all potential users with appropriate parking and servicing provision, including electric vehicle charging infrastructure and car clubs;
Support changing transport technology and usage; and
Do not result in inappropriate traffic generation or compromise highway safety.
Development proposals that generate significant amounts of movement must be supported by a Travel Plan to deliver sustainable transport objectives and a Transport Assessment or a Transport Statement to address the transport impacts of the development.

Development must be of high quality, sustainable in design, construction and layout, offering maximum flexibility in the choice of sustainable transport modes, including Active Travel (walking and cycling), and with accessibility for all potential users.

Development will be permitted where it:

Does not have a severe impact on the operation, safety or accessibility to the local or strategic highway networks;
Mitigates impacts on the local or strategic highway networks, arising from the development itself or the cumulative effects of development, through the provision of, or contributions towards, necessary and relevant transport improvements, including those secured by legal agreements or through the Community Infrastructure Levy or its successor;
Provides safe, secure and high quality pedestrian and cycle connections to local facilities and services and, where possible, strategic cycling routes including those identified within the Basingstoke & Deane Local Cycling and Walking Infrastructure Plan together with facilities to encourage public transport use;
Protects and enhance access to public rights of way;
Provides appropriate parking provision in terms of amount, design and layout, in accordance with the adopted Parking Standards and contributes to making high quality places;
Provides measures to reduce the need to travel, whilst also encouraging sustainable modes of travel, to minimise the transport impacts arising from the development;
Provides appropriate waste and recycling storage areas and accessible collection points for refuse vehicles, in accordance with the Design and Sustainability SPD;
Provides for the use of electric vehicles together with safe, accessible and convenient charging facilities; and
Ensures that all development proposals provide a co-ordinated and comprehensive scheme that does not prejudice the future development or design of suitable adjoining sites.
For development proposals that generate significant amounts of movement, it is important to establish sustainable travel patterns that minimise the need to travel from the outset of development, to minimise the transport impacts arising from the development. Agreement should be reached with the council and Hampshire County Council on proposed public transport enhancements to provide certainty for future residents and to assist in developing and financing a well-defined and comprehensive network, in partnership with public transport operators."
"Creating Sustainable and Infrastructure-Rich Communities","Policy INF3: New and Improved Facilities","Policy INF3:  New and Improved Facilities

Development proposals for new community facilities within settlements will be supported. As an exception, the provision of new community facilities will be supported outside of, but in close proximity to, settlements provided it can be shown that:

There are no suitable sites available within the settlement which could be used.
The proposal is well related to the nearest settlement, including with regard to issues such as scale, impact on landscape character and the historic environment;
The proposal meets an identified local need; and
The site is accessible via sustainable modes of transport.
Proposals for development provided as part of housing/mixed-use allocations within the Local Plan and also for other large-scale housing/mixed-use developments, will need to:

Retain existing community facilities which are valued by the community and not result in an adverse impact to existing facilities in the local area;
Provide new community facilities, in accordance with adopted council standards within the developable area of the site, where the needs of the new development cannot be met by existing provision;
Ensure that new community facilities are delivered to prescribed timescales and in a manner which ensures they can be viably delivered and operated; and
Ensure that new community facilities are informed by a thorough understanding of the community needs and that the premises provided will meet that need.
Where opportunities exist, the council will support the co-location of community facilities and services. Where this is proposed, it will be necessary to ensure that all of the services are able to fulfil their functions and operate effectively.

The extension, expansion and/or enhancement of existing facilities will be supported, provided the proposal is well related to the existing facility and the surrounding area in terms of design, scale and layout."
"Creating Sustainable and Infrastructure-Rich Communities","Policy INF4: Protecting Existing Facilities","Policy INF4:  Protecting Existing Community Facilities

Proposals that would result in the loss of community facilities (including sites last used for such activities) will only be permitted if it is demonstrated that:

The facility is no longer needed; or
It is demonstrated that it is no longer viable; and
If either of the criteria above are satisfied, the premises have been actively marketed for at least 12 months and no reasonable offers have been made; and
If there is a community service still operating from the premises in question then it must be demonstrated that they have suitable alternative premises available to them, which can be occupied within a reasonable timescale and which will meet their operational needs.
The loss of community facilities will also be permitted where it can be demonstrated that the development would provide sufficient community benefit to outweigh the loss of the existing community facility or service.

Development proposals in close proximity to existing community facilities which could have a detrimental impact upon the operation of that facility will only be permitted where it can be demonstrated that the development is necessary to ensure the retention of the facility (if it is being provided in order to help support that facility) and that it will not be likely to lead to the potential loss of that facility.

The council will work proactively with local communities and support proposals to retain, improve, or re-use community facilities and services, including those set out in Neighbourhood Plans or Orders, including Community Right to Build Orders along with appropriate supporting development which may make such provision economically viable."
"Providing Homes for All","Policy HSG1: New Housing in the Countryside","Policy HSG1:  New Housing in the Countryside

Development proposals for new housing outside of Settlement Policy Boundaries must meet the Plan’s climate change policies to support the council’s climate emergency declaration, and will only be permitted where they are:

1. On ‘previously developed land’, provided that:

They do not result in an isolated form of development; and
The proposed use and scale of development is appropriate to the site’s context and does not cause unacceptable levels of harm in relation to landscape, heritage, ecological impacts or transport or
2.  For a rural exception site for affordable housing or a first homes exceptions site (where permitted by Policy HSG3); specialist housing (where permitted by Policy HSG6); or a single plot exception site for custom and self-build housing (where permitted by Policy HSG4); or

For the re-use of a redundant or disused permanent building provided that the proposal:

Involves a building that is structurally sound and does not require substantial rebuilding, extension or alteration;
Respects and retains the character, fabric and distinctive features of the building, where such features are considered beneficial to retain; and
Does not result in the requirement for another building to fulfil the function of the building being converted; and
It leads to an enhancement to the immediate setting; and
Demonstrates that it minimises carbon emissions in accordance with the energy hierarchy set out in Policy ENV11; or
4. For a replacement dwelling that is not temporary in nature provided that:

The size of the proposal would be appropriate to the plot; and
It would not be visually intrusive in the landscape or harm the character and local distinctiveness of the rural area; or
5. Proposals for four net dwellings or fewer that provide dwellings of a number, size and type that meet an unmet need in the local area  provided that:

The need is clearly evidenced and locally agreed;
The site It is well related to the existing settlement and the local area where the need is arising and would not result in an isolated form of development; and
The development will respect the qualities of the local landscape and be sympathetic to its character and visual quality; and
The development will respect and relate to the character, form and appearance of surrounding development, and respect the amenities of the residents of neighbouring properties; or
6. For a new dwelling linked to an existing and viable agricultural, forestry, horse breeding and training, livery or equivalent rural business, where it can be shown that:

There is an essential need for the occupant to be on site at any time during any 24 hour period; and
No alternative suitable accommodation is available in the locality; and
The rural business linked to the proposed new building must have been viable for the previous three years; or
7. Allocated for development in a Neighbourhood Plan which has been ‘made’ by Basingstoke and Deane Borough Council.

8. For the sub-division of an existing building provided that:

There would be no adverse impact upon the character or appearance of the area."
"Providing Homes for All","Policy HSG2: Affordable Housing","Policy HSG2:  Affordable Housing

The council will require at least 40% affordable housing on:

Sites where 10 or more homes will be provided, or the site has an area of 0.5ha or more; and
All sites delivering net new dwellings in the North Wessex Downs National Landscape.
On-site provision will be required on qualifying developments of five or more net new dwellings. Only in exceptional circumstances will off-site provision or financial contributions of equivalent value be accepted. Qualifying developments of less than five net new dwellings will be required to pay financial contributions of equivalent value towards the provision of affordable housing in the borough.

The tenure split of affordable homes will be 60% social rented and 40% intermediate products, which shall include at least 25% First Homes discounted from average market values by a minimum of 30%, so long as this is required by the government.

On individual sites, the type and size of affordable homes will be appropriate to the character of the area and the overall development and have regard to the type of need shown on the council’s housing registers, as well as the stock and turnover of existing properties."
"Providing Homes for All","Policy HSG3: Rural Exception Sites and First Home Rural Exception Sites","Policy HSG3:  Rural Exception Sites and First Homes Exception Sites

Residential development designed to meet the identified housing needs of local people unable to meet their own needs in the housing market will be permitted outside Settlement Policy Boundaries on Rural Exception Sites and First Homes Exception Sites. The homes must meet the Plan’s climate change policies to support the council’s climate emergency and ecological emergency declarations.

Rural exception sites will be permitted where:

The site is adjacent or well related to an existing settlement, and capable of being well integrated into the existing community;
The scale and tenure of development will be based on proven local need;
The development will be small scale and in proportion with and respect the character, form and appearance of the immediate vicinity and surrounding area; and  
The affordable housing will be retained in perpetuity.
As long as they are supported by the government, First Homes exception sites will be permitted where:

The affordable homes would be First Homes. A small proportion of other affordable tenures may be provided if it can be demonstrated that significant local need exists;
The site is adjacent to an existing settlement and capable of being well integrated into the existing community;
The development will respect the character, form and appearance of the immediate vicinity and surrounding area;
The development would be proportionate to the size of the existing settlement. The determination of ‘proportionate’ will have regard to the form of the settlement, the established pattern of development and the sensitivity of the landscape and any heritage assets.
There is a proven need for First Homes, that is not already being met or being planned to be met elsewhere in the borough; and
The site is not within the North Wessex Downs National Landscape.
Subject to local housing priority, local circumstances, viability and market conditions, a proportion of market housing will be permitted on Rural Exception Sites and First Homes Exception Sites. In such cases, the affordable element of the development should always comprise the greater proportion of units in comparison to the market units proposed. The council will only permit the minimum number of market homes required to deliver the scheme. Where market homes are provided, their size/type should meet a clearly identified local need.

The developer will be required to submit an open book viability assessment for proposals which include a proportion of market housing on viability grounds. This will need to demonstrate that the proposed number of market dwellings is essential for the successful delivery of the development and is based on reasonable land values as an exception site. In such cases the council will commission an independent review of the viability study, for which the developer will bear the cost.

Affordable Homes for discounted market sale will also be permitted on Single Plot Exception Sites as set out in Policy HSG4."
"Providing Homes for All","Policy HSG4: Single Plot Rural Exception Sites for Self and Custom Build Housing","Policy HSG4:  Single Plot Rural Exception Sites for Custom and Self-build Housing

Planning permission will be granted for single custom and self-build dwellings in locations within and adjoining small villages and other rural settlements (not including settlements in Categories 1-3) where the following criteria are met:

Eligibility and local connection

The applicant can demonstrate to the satisfaction of the council that they are in housing need and are unable to identify or afford a suitable alternative home currently available for sale on the open market within the parish or within 5km of the proposed site (excluding within any settlements in categories 1-3).
The applicant has a strong and evidenced local connection to the settlement.
Location

The site is part of or adjacent to a recognisable settlement and does not constitute sporadic or isolated development.
Size

The dwelling size will not exceed 105 square metre gross internal floor space or occupy a plot of more than 0.1ha. Permitted development rights will be removed to ensure the property remains affordable.
Affordable housing in perpetuity

The dwelling is affordable to the applicant. To ensure community benefit going forward, the dwelling must remain affordable in perpetuity, discounted from open market value by at least 30%.
Design

The dwelling must be designed to the high environmental standards set out in Plan’s climate change policies in order to minimise its energy and resource use and support the council’s climate emergency and ecological emergency declarations.
Development must be in keeping with the character, form and appearance of the immediate vicinity and surrounding area."
"Providing Homes for All","Policy HSG5: Housing Mix","Policy HSG5:  Housing Mix for Market Housing

Development will be permitted where the mix of market housing:

Includes a range of house type and size (including for older people, bungalows and suitable accommodation for downsizing with small gardens or outdoor space, and for those wishing to build their own homes) to address local requirements taking into account the most up to date evidence on housing need; and
Is appropriate to the size, location and characteristics of the site; and
Is appropriate to the established character and density of the neighbourhood.
Proposals will be required to provide evidence, proportionate to the scale of development proposed, to justify the mix of housing proposed."
"Providing Homes for All","Policy HSG6: Specialised Accommodation for Older People and those with Specialised Needs","Policy HSG6:  Specialist Accommodation for Older People and those with Specialised Needs

Specialist housing and accommodation for older people and people with specialised needs will be provided on strategic sites, as identified in Policy SPS3.

Proposals for all types of specialist accommodation to meet the needs of older people and people with specialised needs will be permitted within settlement policy boundaries where the location:

Is well integrated with the local community; and
Is appropriate in terms of access to facilities, services and public transport, taking into account the nature of the accommodation and the needs of its occupiers, staff and visitors.
Care uses will also be exceptionally permitted adjacent to settlements where:

They fall within Use Class C2 (including nursing and residential care) or include a mix of C2 and C3 accommodation but are predominantly Use Class C2; or are wholly affordable housing accommodation (Use Class C3) that would provide on-site care regulated by the Care Quality Commission; and
There is a proven unmet need for accommodation of that type in that local area; and
It can be demonstrated that there are no more suitable and deliverable sites within settlement policy boundaries in the area within which the need arises; and
The massing and scale of the built form is appropriate to the site’s location, taking into account local character and the sensitivity of the landscape.
All proposals will be designed to reflect best practice and take into account the needs of the end user. Where proposals would provide apartments or flats, they shall provide a satisfactory standard of communal areas and private open spaces, such as balconies, for occupants.

The council will require affordable housing on all developments that provide dwellings in accordance with Policy HSG2 (Affordable Housing). Where it can be demonstrated that it would not be possible to provide affordable accommodation on-site, developers will be required to pay a financial contribution of equivalent value towards the provision of affordable housing.

Proposals that result in the loss of specialist accommodation will only be permitted where it can be demonstrated that they are no longer needed, or the accommodation is no longer practical, desirable or viable to retain. It should be demonstrated that all options for reproviding any type of specialist accommodation on the site have been considered."
"Providing Homes for All","Policy HSG7: Custom and Self Build Housing","Policy HSG7: Custom and Self-build Housing

On all sites of 100 dwellings or more, development will provide 5% of residential plots for self-builders or custom house builders. In determining the scale and nature of provision, the council will have regard to evidence about the level of demand, viability considerations and site-specific circumstances.

Where a site is required to provide custom and self-build plots, the plots will be made available in step with the delivery of the conventional market housing and marketed in a fair and open way for at least 12 months. For the first two month of this period, the plots will be prioritised to individuals and associations of individuals on the Council’s self-build register. The plots will be made available at competitive rates which are fairly related to the associated site/plot costs. Where the council agrees that the plots have been appropriately marketed and have not sold within this time period these plots may be built out as conventional market housing by the developer.

Where more than one custom or self-build unit is proposed, a design framework will be required to inform the detailed design of the individual units.

The mix of plots must respond to the types, sizes and build routes identified on the council’s register as well as wider housing requirements, and meet the Plan’s climate change policies to support the council’s climate emergency and ecological emergency declarations.

Plots for custom and self-build housing will also be encouraged as part of smaller development sites."
"Providing Homes for All","Policy: HSG8 Accessible and Adaptable Homes","Policy HSG8:  Accessible and adaptable dwellings

All new dwellings will meet Building Regulations requirement M4(2) ‘accessible and adaptable dwellings’ or M4(3) ‘wheelchair user dwellings’.

For some schemes it may be impractical and/or unviable to provide the step free access required across the whole development. In such cases, robust evidence will be needed to justify that exceptional circumstances apply.

On sites of 30 new dwellings or more, at least 3% of dwellings will meet Building Regulations M4(3)."
"Providing Homes for All","Policy HSG9: Gypsies, Travellers and Travelling Show People","Policy HSG9:  Gypsies, Travellers and Travelling Show People

The council will make provision for additional gypsy and traveller pitches to meet the accommodation needs of Gypsies, Travellers and Travelling Showpeople in the borough, as indicated in the most recent Gypsy and Traveller Accommodation Assessment.

The council will meet the identified need for Gypsies, Travellers and Travelling Showpeople through the provision of plots and/or pitches as part of Greenfield allocations. [The distribution of pitches will be set out in this policy at a later date, once the approach has been finalised].

Offsite pitches in lieu of the pitches required on the strategic allocations will only be acceptable where all of the following criteria are met:

The alternative site provides for at least the same quantity of provision as required by the relevant allocation policy;
The alternative site is considered as sustainable with regards to access to services when compared with the site allocation for which it is a substitute;
The site has potential for successful integration between travelling and settled communities, including through suitable positioning of the pitches;
The site can be developed within the same timeframe (or faster) as the housing allocation site being replaced; and
The site would meet the needs of the travellers it is intended to accommodate.
If planning proposals for accommodation sites for Gypsies, Travellers and Travelling Showpeople are received for sites other than those set out in relevant allocation policies, they will only be permitted where:

There is an identified need for the pitch provision;
There is no adverse impact upon local amenity and the natural and historic environment;
The site is located within a reasonable distance of local services with capacity, including education establishments, health and welfare services, shops and community facilities;
There is safe and reasonable access to the highway, public transport services and sustainable transport options;
Adequate on-site facilities are provided for parking, storage, play and residential amenity and appropriate essential services;
The potential for a mix of uses on the site has been demonstrated, where required; and
The potential for successful integration between travelling and settled communities has been demonstrated, including through suitable positioning of the pitches on mixed use sites.
Planning permission will not be granted for the replacement of lawful Gypsies, Travellers and Travelling Showpeople sites by permanent dwellings or other uses unless it can be clearly demonstrated to the satisfaction of the local planning authority that there is no genuine need or likely future need for Gypsies, Travellers and Travelling Showpeople sites in the locality and other planning policy requirements are met.

In addition to the site allocations within this Local Plan, in the event of any non-allocated housing sites coming forward for development, accommodation for Gypsies, Travellers or Travelling Showpeople should be provided on development sites of 500 homes or more whilst there remains an identified need in the borough. For 500 to 999 homes two pitches or plots should be provided, for 1,000 to 1,499 homes four pitches or plots, for 1,500 to 1,999 homes six pitches or plots and for 2,000 or more homes eight pitches or plots."
"Creating High Quality and Distinctive Places","Policy DES1: Key Design Principles","Policy DES1:  Key Design Principles

Achieving a beautiful and sustainable built environment will be secured by ensuring that new development:

Minimises energy consumption and mitigates carbon and other greenhouse gas emissions and adapts to the impacts of climate change through sustainable approaches to design;
Responds positively and creatively to the context, is visually attractive, utilises high quality architecture, creates a place which has a distinctive character and has regard to the locally distinctive and valued characteristics of the area;
Has due regard to the density, scale, layout, appearance, architectural detailing, materials and history of the surrounding area, and the relationship to neighbouring buildings, landscape features and heritage assets;
Has a strong emphasis on natural features within the streetscene;
Creates and/or contributes to the provision of neighbourhoods and places that prioritise and create a positive environment for walking, cycling and public transport;
Has a high-quality public realm which contributes positively to the sense of place and supports a wide variety of activities;
Provides for a compatible mix of uses, with the goal of providing vitality and a strong sense of community; and
In the case of rural schemes, has a clearly rural character which is locally distinctive and is valued by local communities, whilst allowing for innovation, and avoids having a suburban appearance.
All proposals must be based upon a robust design-led approach, driven by a thorough understanding of the context. Where the existing context for a development lacks design quality or a distinctive character, new development must take the opportunities available to remedy those problems, create delight and enhance the existing character.

Development proposals need to be informed by, and respond positively to, extensive and effective engagement with the local community, which is proportionate to the scale of the development.

The council is supportive of neighbourhood planning making a positive contribution to the design process via suitable policies in neighbourhood plans.

It will not be acceptable to degrade design quality via subsequent applications, amendments and when complying with conditions which propose inferior design solutions, materials and details compared with those originally consented.

The assessment of this policy will be informed by relevant Neighbourhood Plans, Supplementary Planning Documents, Village Design Statements and also community documents which aid understanding of the context."
"Creating High Quality and Distinctive Places","Policy DES2: Site Design","Policy DES2:  Site Design

Achieving beautiful design will be achieved by permitting development proposals where they:

Utilise a site design which minimises the use of energy and other resources and which encourages the use of on-site renewable energy;
Are cohesive in their overall design approach, both in relation to new development having a clearly defined character, and in creating a coherent relationship with their context;
Create attractive and coherent arrangements of buildings, creating well defined streets which are well related to public open spaces and pedestrian and cycle paths;
Provide developments which are walkable, well connected, accessible for all, safe, easy for people to find their way around and function well in practical terms;
Successfully integrate existing and incorporate new, natural features, including street trees, into a multifunctional green network that supports quality of place, biodiversity and water management;
Ensure that boundary treatments which are visible in the street scene respond positively to the design and character of the overall scheme and local context, and do not have a detrimental impact upon the street scene or prevent the provision of suitable soft landscaping;
Ensure that parking provision, cycle storage and other service areas are easily accessible and are incorporated and designed in a manner which is consistent with the overall character of the development, and does not have a detrimental impact on its character or appearance and is in accordance with the adopted parking standards;
Provide appropriate internal and external waste and recycling storage areas in order to promote effective recycling and disposal of household and commercial waste, in accordance with current adopted standards.  Waste and recycling storage areas are to be accessible to residents, will have accessible collection points for refuse vehicles and will not have a detrimental impact on the character or appearance of the development;
Have due regard to Secured by Design principles, which minimise opportunities for crime;
Provide a co-ordinated and comprehensive scheme that does not prejudice the future development or design of adjoining sites; and
Ensure that new elements of the public realm, and those existing parts of the public realm which are related to the proposed development, will be suitably maintained and managed."
"Creating High Quality and Distinctive Places","Policy DES3: Building Design","Policy DES3:  Building Design

New buildings must achieve a high standard of design, which responds positively to the context and the achievement of beautiful and sustainable design.

Development proposals will be permitted where they:

Have a clearly discernible and well-expressed character;
Are of an appropriate scale, massing and appearance which is well related to the character of the local area including valued examples in of the surrounding built form;
Are well proportioned and avoid excessive bulk and massing;
Utilise materials and architectural detailing which are of high quality and reinforce the overall design concept; this will include the use of high quality traditional materials where this is consistent with the design approach of the development;
Utilise external materials which are sustainable, durable and will weather attractively;
Provide a high quality of amenity for the occupants of developments (for both internal and external environments), with buildings that which are accessible, liveable, comfortable and support health and well-being.
Will not have an unacceptable detrimental impact on neighbouring properties in relation to issues such as overlooking, access to natural light, noise, outlook and overbearing impacts and light pollution; and
Residential extensions will be permitted where they:

Respond positively to those features which define the character of the existing building in terms of design, materials and detailing;
Are well related to the scale and proportions of the existing building;
Are well related to the streetscene; and
Do not have an unacceptable detrimental impact on neighbouring properties in relation to issues such as overlooking, access to natural light, noise, outlook and overbearing impacts and light pollution.
Where there are attractive buildings on the site which make a positive contribution to the character of the area these should be retained wherever possible and integrated sympathetically into the new development."
"Creating High Quality and Distinctive Places","Policy DES4: Internal Space Standards","Policy DES4:  Internal Space Standard for New Dwellings

Development proposals for new homes must meet the Nationally Described Space Standard[1]."
"Creating High Quality and Distinctive Places","Policy DES5: Density of New Residential Development","Policy DES5:  Density of New Residential Development

Residential development will be permitted where its density optimises the use of land without compromising:

Local character and local environmental assets; and
The amenity of future residents on the site and in the surrounding area. 
The Council will support Neighbourhood Plans specific density standards which reflect local considerations but also the need to optimise the use of land."
"Creating High Quality and Distinctive Places","Policy DES6: The Historic Environment","Policy DES6:  The Historic Environment

All proposals must preserve or enhance the significance of the borough’s heritage assets[1] including their settings.

Proposals which would affect designated or non-designated heritage assets and/or their settings will be permitted where they:

Demonstrate a thorough understanding of the significance of any heritage asset affected by the proposal, including any contribution made to significance by setting, how this has informed the proposal, and how the proposal would impact on the significance of assets affected. Information submitted will be proportionate to the importance of the heritage asset(s) and the potential impact of the proposal;
Ensure that proposals including new buildings, external works, extensions, alterations and/or changes of use respect historic layout, scales, form, fabric (materials, finishes, design and detailing) and any other characteristics that contribute to the significance of the heritage asset(s)
Achieve a high quality design which is respectful of heritage significance and local character, and which makes a positive contribution to local character and distinctiveness and;
Preserve and enhance the significance and character of historic buildings and places when considering alternative uses, make sensitive use of redundant historic assets, and promote the viable use of heritage assets consistent with their conservation.
Development proposals that seek to enhance the energy efficiency of heritage assets or traditionally constructed buildings, will be expected to demonstrate an appropriate strategy[2] commensurate with the significance of the assets that is based upon a whole building approach.

In planning decisions, harm to any heritage asset, whether designated or non-designated, will be taken account of in accordance with the NPPF and, with the legal obligations of the Council."
